"","id","valid_id","parent_id","rank_name","tname","tauthor","worms_id","records","datasets","phylum","order","family","genus","species","class","redlist","status","gisd","ecoregion"
"1",625,625,523185,"Subspecies","Tylosurus acus melanotus","(Bleeker, 1850)",293756,1,1,"Chordata","Beloniformes","Belonidae","Tylosurus","Tylosurus acus","Actinopteri",NA,NA,NA,"Clipperton"
"2",395911,395911,769048,"Species","Acanthocybium solandri","(Cuvier, 1832)",127014,1,1,"Chordata","Perciformes","Scombridae","Acanthocybium","Acanthocybium solandri","Actinopteri",TRUE,"LC",NA,"Clipperton"
"3",396215,396215,396214,"Species","Acanthurus achilles","Shaw, 1803",272957,2,1,"Chordata","Perciformes","Acanthuridae","Acanthurus","Acanthurus achilles","Actinopteri",TRUE,"LC",NA,"Clipperton"
"4",396238,396238,396214,"Species","Acanthurus guttatus","Forster, 1801",219650,2,2,"Chordata","Perciformes","Acanthuridae","Acanthurus","Acanthurus guttatus","Actinopteri",TRUE,"LC",NA,"Clipperton"
"5",403211,403211,767747,"Infraorder","Anomura","MacLeay, 1838",106671,1,1,"Arthropoda","Decapoda",NA,NA,NA,"Malacostraca",NA,NA,NA,"Clipperton"
"6",412548,412548,696023,"Species","Bothus pantherinus","(Rüppell, 1830)",219795,2,2,"Chordata","Pleuronectiformes","Bothidae","Bothus","Bothus pantherinus","Actinopteri",NA,NA,NA,"Clipperton"
"7",413296,413296,740231,"Genus","Brotula","Cuvier, 1829",159065,1,1,"Chordata","Ophidiiformes","Ophidiidae","Brotula",NA,"Actinopteri",NA,NA,NA,"Clipperton"
"8",416282,416282,416280,"Species","Cantherhines dumerilii","(Hollard, 1854)",276248,3,2,"Chordata","Tetraodontiformes","Monacanthidae","Cantherhines","Cantherhines dumerilii","Actinopteri",NA,NA,NA,"Clipperton"
"9",416659,416659,696227,"Species","Caranx lugubris","Poey, 1860",126805,4,2,"Chordata","Perciformes","Carangidae","Caranx","Caranx lugubris","Actinopteri",NA,NA,NA,"Clipperton"
"10",416732,416732,696240,"Species","Carcharhinus albimarginatus","(Rüppell, 1837)",217352,4,2,"Chordata","Carcharhiniformes","Carcharhinidae","Carcharhinus","Carcharhinus albimarginatus","Elasmobranchii",TRUE,"NT",NA,"Clipperton"
"11",416747,416747,696240,"Species","Carcharhinus galapagensis","(Snodgrass & Heller, 1905)",105790,5,2,"Chordata","Carcharhiniformes","Carcharhinidae","Carcharhinus","Carcharhinus galapagensis","Elasmobranchii",TRUE,"NT",NA,"Clipperton"
"12",418442,418442,752044,"Class","Cephalopoda","Cuvier, 1795",11707,8,2,"Mollusca",NA,NA,NA,NA,"Cephalopoda",NA,NA,NA,"Clipperton"
"13",420218,420218,773827,"Species","Chanos chanos","(Forsskål, 1775)",217625,1,1,"Chordata","Gonorhynchiformes","Chanidae","Chanos","Chanos chanos","Actinopteri",NA,NA,NA,"Clipperton"
"14",420623,420623,746041,"Genus","Cheilopogon","Lowe, 1841",125691,1,1,"Chordata","Beloniformes","Exocoetidae","Cheilopogon",NA,"Actinopteri",NA,NA,NA,"Clipperton"
"15",420653,420653,420623,"Species","Cheilopogon xenopterus","(Gilbert, 1890)",272166,3,2,"Chordata","Beloniformes","Exocoetidae","Cheilopogon","Cheilopogon xenopterus","Actinopteri",TRUE,"LC",NA,"Clipperton"
"16",420876,420876,743298,"Family","Cheloniidae","Oppel, 1811",136999,24,6,"Chordata","Testudines","Cheloniidae",NA,NA,"Reptilia",NA,NA,NA,"Clipperton"
"17",422110,422110,422102,"Species","Chromis alta","Greenfield & Woods, 1980",273710,1,1,"Chordata","Perciformes","Pomacentridae","Chromis","Chromis alta","Actinopteri",TRUE,"LC",NA,"Clipperton"
"18",429388,429388,429381,"Species","Ctenochaetus marginatus","(Valenciennes, 1835)",219657,5,2,"Chordata","Perciformes","Acanthuridae","Ctenochaetus","Ctenochaetus marginatus","Actinopteri",TRUE,"LC",NA,"Clipperton"
"19",429559,429559,618144,"Species","Cubiceps pauciradiatus","Günther, 1872",159424,7,1,"Chordata","Perciformes","Nomeidae","Cubiceps","Cubiceps pauciradiatus","Actinopteri",NA,NA,NA,"Clipperton"
"20",432532,432532,432525,"Species","Delectopecten vitreus","(Gmelin, 1791)",140702,1,1,"Mollusca","Pectinoida","Pectinidae","Delectopecten","Delectopecten vitreus","Bivalvia",NA,NA,NA,"Clipperton"
"21",432575,432575,432573,"Species","Delphinus delphis","Linnaeus, 1758",137094,10,6,"Chordata","Cetartiodactyla","Delphinidae","Delphinus","Delphinus delphis","Mammalia",TRUE,"LC",NA,"Clipperton"
"22",433722,433722,784120,"Species","Diaphus similis","Wisner, 1974",272692,1,1,"Chordata","Myctophiformes","Myctophidae","Diaphus","Diaphus similis","Actinopteri",NA,NA,NA,"Clipperton"
"23",434605,434605,434603,"Species","Diodon eydouxii","Brisout de Barneville, 1846",127401,2,1,"Chordata","Tetraodontiformes","Diodontidae","Diodon","Diodon eydouxii","Actinopteri",NA,NA,NA,"Clipperton"
"24",437022,437022,744913,"Species","Echidna nocturna","(Cope, 1872)",278678,1,1,"Chordata","Anguilliformes","Muraenidae","Echidna","Echidna nocturna","Actinopteri",TRUE,"LC",NA,"Clipperton"
"25",438455,438455,438445,"Species","Enchelycore octaviana","(Myers & Wade, 1941)",271810,1,1,"Chordata","Anguilliformes","Muraenidae","Enchelycore","Enchelycore octaviana","Actinopteri",TRUE,"LC",NA,"Clipperton"
"26",438462,438462,773462,"Species","Enchelynassa canina","(Quoy & Gaimard, 1824)",217475,4,1,"Chordata","Anguilliformes","Muraenidae","Enchelynassa","Enchelynassa canina","Actinopteri",NA,NA,NA,"Clipperton"
"27",439095,439095,439091,"Species","Entomacrodus chiostictus","(Jordan & Gilbert, 1882)",277243,8,3,"Chordata","Perciformes","Blenniidae","Entomacrodus","Entomacrodus chiostictus","Actinopteri",TRUE,"LC",NA,"Clipperton"
"28",439979,439979,769804,"Species","Eretmochelys imbricata","(Linnaeus, 1766)",137207,3,3,"Chordata","Testudines","Cheloniidae","Eretmochelys","Eretmochelys imbricata","Reptilia",TRUE,"CR",NA,"Clipperton"
"29",443060,443060,746041,"Genus","Exocoetus","Linnaeus, 1758",125692,1,1,"Chordata","Beloniformes","Exocoetidae","Exocoetus",NA,"Actinopteri",NA,NA,NA,"Clipperton"
"30",443716,443716,443715,"Species","Feresa attenuata","Gray, 1874",137095,1,1,"Chordata","Cetartiodactyla","Delphinidae","Feresa","Feresa attenuata","Mammalia",TRUE,"DD",NA,"Clipperton"
"31",443959,443959,771741,"Species","Fistularia commersonii","Rüppell, 1838",217966,3,2,"Chordata","Syngnathiformes","Fistulariidae","Fistularia","Fistularia commersonii","Actinopteri",NA,NA,NA,"Clipperton"
"32",444266,444266,444265,"Species","Forcipiger flavissimus","Jordan & McGregor, 1898",218760,1,1,"Chordata","Perciformes","Chaetodontidae","Forcipiger","Forcipiger flavissimus","Actinopteri",TRUE,"LC",NA,"Clipperton"
"33",446097,446097,446096,"Species","Gempylus serpens","Cuvier, 1829",126862,2,1,"Chordata","Perciformes","Gempylidae","Gempylus","Gempylus serpens","Actinopteri",NA,NA,NA,"Clipperton"
"34",446724,446724,629011,"Species","Globicephala macrorhynchus","Gray, 1846",137096,8,4,"Chordata","Cetartiodactyla","Delphinidae","Globicephala","Globicephala macrorhynchus","Mammalia",TRUE,"DD",NA,"Clipperton"
"35",448800,448800,448799,"Species","Grampus griseus","(G. Cuvier, 1812)",137098,4,4,"Chordata","Cetartiodactyla","Delphinidae","Grampus","Grampus griseus","Mammalia",TRUE,"LC",NA,"Clipperton"
"36",449537,449537,747330,"Species","Gymnothorax buroensis","(Bleeker, 1857)",217479,3,3,"Chordata","Anguilliformes","Muraenidae","Gymnothorax","Gymnothorax buroensis","Actinopteri",NA,NA,NA,"Clipperton"
"37",449554,449554,747330,"Species","Gymnothorax flavimarginatus","(Rüppell, 1830)",217495,8,3,"Chordata","Anguilliformes","Muraenidae","Gymnothorax","Gymnothorax flavimarginatus","Actinopteri",NA,NA,NA,"Clipperton"
"38",449604,449604,747330,"Species","Gymnothorax panamensis","(Steindachner, 1876)",271866,10,3,"Chordata","Anguilliformes","Muraenidae","Gymnothorax","Gymnothorax panamensis","Actinopteri",TRUE,"LC",NA,"Clipperton"
"39",452375,452375,776527,"Species","Hemibagrus nemurus","(Valenciennes, 1840)",281017,1,1,"Chordata","Siluriformes","Bagridae","Hemibagrus","Hemibagrus nemurus","Actinopteri",TRUE,"LC",NA,"Clipperton"
"40",453637,453637,453636,"Species","Heteropriacanthus cruentatus","(Lacepède, 1801)",127004,1,1,"Chordata","Perciformes","Priacanthidae","Heteropriacanthus","Heteropriacanthus cruentatus","Actinopteri",NA,NA,NA,"Clipperton"
"41",454414,454414,454406,"Species","Hirundichthys speculiger","(Valenciennes, 1847)",126387,5,2,"Chordata","Beloniformes","Exocoetidae","Hirundichthys","Hirundichthys speculiger","Actinopteri",NA,NA,NA,"Clipperton"
"42",454532,454532,454527,"Species","Holacanthus clarionensis","Gilbert, 1890",276013,1,1,"Chordata","Perciformes","Pomacanthidae","Holacanthus","Holacanthus clarionensis","Actinopteri",TRUE,"VU",NA,"Clipperton"
"43",454535,454535,454527,"Species","Holacanthus limbaughi","Baldwin, 1963",276015,11,4,"Chordata","Perciformes","Pomacanthidae","Holacanthus","Holacanthus limbaughi","Actinopteri",TRUE,"NT",NA,"Clipperton"
"44",455794,455794,455793,"Species","Hygophum atratum","(Garman, 1899)",272704,1,1,"Chordata","Myctophiformes","Myctophidae","Hygophum","Hygophum atratum","Actinopteri",NA,NA,NA,"Clipperton"
"45",457674,457674,489355,"Order","Isopoda","Latreille, 1817",1131,5,1,"Arthropoda","Isopoda",NA,NA,NA,"Malacostraca",NA,NA,NA,"Clipperton"
"46",458790,458790,458788,"Species","Kogia sima","(Owen, 1866)",159025,8,5,"Chordata","Cetartiodactyla","Kogiidae","Kogia","Kogia sima","Mammalia",TRUE,"DD",NA,"Clipperton"
"47",461295,461295,769805,"Species","Lepidochelys olivacea","(Eschscholtz, 1829)",220293,31,8,"Chordata","Testudines","Cheloniidae","Lepidochelys","Lepidochelys olivacea","Reptilia",TRUE,"VU",NA,"Clipperton"
"48",463857,463857,463847,"Species","Liopropoma fasciatum","Bussing, 1980",275942,1,1,"Chordata","Perciformes","Serranidae","Liopropoma","Liopropoma fasciatum","Actinopteri",TRUE,"LC",NA,"Clipperton"
"49",464439,464439,464408,"Species","Littoraria pintado","(Wood, 1828)",208941,3,1,"Mollusca","Littorinimorpha","Littorinidae","Littoraria","Littoraria pintado","Gastropoda",NA,NA,NA,"Clipperton"
"50",464849,464849,769281,"Species","Lopadorrhynchus brevis","Grube, 1855",130211,1,1,"Annelida","Phyllodocida","Lopadorrhynchidae","Lopadorrhynchus","Lopadorrhynchus brevis","Polychaeta",NA,NA,NA,"Clipperton"
"51",464852,464852,769281,"Species","Lopadorrhynchus uncinatus","Fauvel, 1915",130214,1,1,"Annelida","Phyllodocida","Lopadorrhynchidae","Lopadorrhynchus","Lopadorrhynchus uncinatus","Polychaeta",NA,NA,NA,"Clipperton"
"52",465746,465746,465699,"Species","Lutjanus kasmira","(Forsskål, 1775)",218482,2,1,"Chordata","Perciformes","Lutjanidae","Lutjanus","Lutjanus kasmira","Actinopteri",NA,NA,TRUE,"Clipperton"
"53",469132,469132,643093,"Species","Melamphaes janae","Ebeling, 1962",274929,2,2,"Chordata","Stephanoberyciformes","Melamphaidae","Melamphaes","Melamphaes janae","Actinopteri",NA,NA,NA,"Clipperton"
"54",469133,469133,643093,"Species","Melamphaes laeviceps","Ebeling, 1962",274930,2,2,"Chordata","Stephanoberyciformes","Melamphaidae","Melamphaes","Melamphaes laeviceps","Actinopteri",NA,NA,NA,"Clipperton"
"55",470123,470123,763193,"Genus","Mesoplodon","Gervais, 1850",137034,10,6,"Chordata","Cetartiodactyla","Ziphiidae","Mesoplodon",NA,"Mammalia",NA,NA,NA,"Clipperton"
"56",474284,474284,474278,"Species","Myctophum aurolaternatum","Garman, 1899",217715,1,1,"Chordata","Myctophiformes","Myctophidae","Myctophum","Myctophum aurolaternatum","Actinopteri",NA,NA,NA,"Clipperton"
"57",474523,474523,474512,"Species","Myrichthys pantostigmius","Jordan & McGregor, 1898",275487,5,2,"Chordata","Anguilliformes","Ophichthidae","Myrichthys","Myrichthys pantostigmius","Actinopteri",TRUE,"LC",NA,"Clipperton"
"58",474620,474620,752461,"Species","Myripristis clarionensis","Gilbert, 1897",276193,6,2,"Chordata","Beryciformes","Holocentridae","Myripristis","Myripristis clarionensis","Actinopteri",TRUE,"VU",NA,"Clipperton"
"59",474623,474623,752461,"Species","Myripristis gildi","Greenfield, 1965",276196,1,1,"Chordata","Beryciformes","Holocentridae","Myripristis","Myripristis gildi","Actinopteri",TRUE,"VU",NA,"Clipperton"
"60",474708,474708,489355,"Order","Mysida","Boas, 1883",149668,8,1,"Arthropoda","Mysida",NA,NA,NA,"Malacostraca",NA,NA,NA,"Clipperton"
"61",475287,475287,752580,"Species","Naso annulatus","(Quoy & Gaimard, 1825)",219673,1,1,"Chordata","Perciformes","Acanthuridae","Naso","Naso annulatus","Actinopteri",TRUE,"LC",NA,"Clipperton"
"62",475295,475295,752580,"Species","Naso hexacanthus","(Bleeker, 1855)",219667,1,1,"Chordata","Perciformes","Acanthuridae","Naso","Naso hexacanthus","Actinopteri",TRUE,"LC",NA,"Clipperton"
"63",475833,475833,475832,"Species","Naucrates ductor","(Linnaeus, 1758)",126811,3,1,"Chordata","Perciformes","Carangidae","Naucrates","Naucrates ductor","Actinopteri",NA,NA,NA,"Clipperton"
"64",479384,479384,773193,"Species","Novaculichthys taeniourus","(Lacepède, 1801)",219035,1,1,"Chordata","Perciformes","Labridae","Novaculichthys","Novaculichthys taeniourus","Actinopteri",TRUE,"LC",NA,"Clipperton"
"65",481912,481912,481911,"Species","Ophiocoma aethiops","Lütken, 1859",243571,1,1,"Echinodermata","Ophiurida","Ophiocomidae","Ophiocoma","Ophiocoma aethiops","Ophiuroidea",NA,NA,NA,"Clipperton"
"66",481935,481935,481932,"Species","Ophiocomella sexradia","(Duncan, 1887)",213452,2,1,"Echinodermata","Ophiurida","Ophiocomidae","Ophiocomella","Ophiocomella sexradia","Ophiuroidea",NA,NA,NA,"Clipperton"
"67",483005,483005,769780,"Species","Orcinus orca","(Linnaeus, 1758)",137102,2,2,"Chordata","Cetartiodactyla","Delphinidae","Orcinus","Orcinus orca","Mammalia",TRUE,"DD",NA,"Clipperton"
"68",483545,483545,1031207,"Class","Ostracoda","Latreille, 1802",1078,9,1,"Arthropoda",NA,NA,NA,NA,"Ostracoda",NA,NA,NA,"Clipperton"
"69",483920,483920,747952,"Genus","Oxyporhamphus","Gill, 1864",204081,1,1,"Chordata","Beloniformes","Hemiramphidae","Oxyporhamphus",NA,"Actinopteri",NA,NA,NA,"Clipperton"
"70",489022,489022,858709,"Superfamily","Penaeoidea","Rafinesque, 1815",106683,5,1,"Arthropoda","Decapoda",NA,NA,NA,"Malacostraca",NA,NA,NA,"Clipperton"
"71",489338,489338,769781,"Species","Peponocephala electra","(Gray, 1846)",137103,1,1,"Chordata","Cetartiodactyla","Delphinidae","Peponocephala","Peponocephala electra","Mammalia",TRUE,"LC",NA,"Clipperton"
"72",491789,491789,771514,"Family","Phronimidae","Dana, 1852",101420,8,1,"Arthropoda","Amphipoda","Phronimidae",NA,NA,"Malacostraca",NA,NA,NA,"Clipperton"
"73",492276,492276,769786,"Species","Physeter macrocephalus","Linnaeus, 1758",137119,8,3,"Chordata","Cetartiodactyla","Physeteridae","Physeter","Physeter macrocephalus","Mammalia",TRUE,"VU",NA,"Clipperton"
"74",493373,493373,699822,"Subspecies","Platybelone argalus pterura","(Osburn & Nichols, 1916)",293713,1,1,"Chordata","Beloniformes","Belonidae","Platybelone","Platybelone argalus","Actinopteri",TRUE,"LC",NA,"Clipperton"
"75",493859,493859,773513,"Species","Plectrypops lima","(Valenciennes, 1831)",217937,2,2,"Chordata","Beryciformes","Holocentridae","Plectrypops","Plectrypops lima","Actinopteri",NA,NA,NA,"Clipperton"
"76",494517,494517,494516,"Species","Plotohelmis capitata","(Greeff, 1876)",129754,1,1,"Annelida","Phyllodocida","Alciopidae","Plotohelmis","Plotohelmis capitata","Polychaeta",NA,NA,NA,"Clipperton"
"77",496339,496339,496317,"Species","Pontinus vaughani","Barnhart & Hubbs, 1946",274695,4,3,"Chordata","Scorpaeniformes","Scorpaenidae","Pontinus","Pontinus vaughani","Actinopteri",TRUE,"LC",NA,"Clipperton"
"78",499055,499055,661972,"Species","Psenes sio","Haedrich, 1970",273682,1,1,"Chordata","Perciformes","Nomeidae","Psenes","Psenes sio","Actinopteri",TRUE,"LC",NA,"Clipperton"
"79",499848,499848,757240,"Species","Pseudogramma axelrodi","Allen & Robertson, 1995",278291,3,2,"Chordata","Perciformes","Serranidae","Pseudogramma","Pseudogramma axelrodi","Actinopteri",TRUE,"NT",NA,"Clipperton"
"80",501131,501131,771649,"Species","Pteroplatytrygon violacea","(Bonaparte, 1832)",158540,2,2,"Chordata","Myliobatiformes","Dasyatidae","Pteroplatytrygon","Pteroplatytrygon violacea","Elasmobranchii",TRUE,"LC",NA,"Clipperton"
"81",510729,510729,764111,"Order","Siphonophorae","Eschscholtz, 1829",1371,9,1,"Cnidaria","Siphonophorae",NA,NA,NA,"Hydrozoa",NA,NA,NA,"Clipperton"
"82",512073,512073,759716,"Species","Sphyraena qenie","Klunzinger, 1870",212049,1,1,"Chordata","Perciformes","Sphyraenidae","Sphyraena","Sphyraena qenie","Actinopteri",NA,NA,NA,"Clipperton"
"83",512103,512103,669623,"Species","Sphyrna lewini","(Griffith & Smith, 1834)",105816,1,1,"Chordata","Carcharhiniformes","Sphyrnidae","Sphyrna","Sphyrna lewini","Elasmobranchii",TRUE,"EN",NA,"Clipperton"
"84",513378,513378,513377,"Species","Stenella attenuata","(Gray, 1846)",137105,102,16,"Chordata","Cetartiodactyla","Delphinidae","Stenella","Stenella attenuata","Mammalia",TRUE,"LC",NA,"Clipperton"
"85",513381,513381,513377,"Species","Stenella coeruleoalba","(Meyen, 1833)",137107,41,13,"Chordata","Cetartiodactyla","Delphinidae","Stenella","Stenella coeruleoalba","Mammalia",TRUE,"LC",NA,"Clipperton"
"86",513384,513384,513377,"Species","Stenella longirostris","(Gray, 1828)",137109,19,11,"Chordata","Cetartiodactyla","Delphinidae","Stenella","Stenella longirostris","Mammalia",TRUE,"DD",NA,"Clipperton"
"87",513386,513386,513384,"Subspecies","Stenella longirostris orientalis","Perrin, 1990",368867,58,15,"Chordata","Cetartiodactyla","Delphinidae","Stenella","Stenella longirostris","Mammalia",TRUE,"VU",NA,"Clipperton"
"88",513440,513440,769783,"Species","Steno bredanensis","(G. Cuvier in Lesson, 1828)",137110,9,9,"Chordata","Cetartiodactyla","Delphinidae","Steno","Steno bredanensis","Mammalia",TRUE,"LC",NA,"Clipperton"
"89",515543,515543,760556,"Species","Symbolophorus evermanni","(Gilbert, 1905)",217718,1,1,"Chordata","Myctophiformes","Myctophidae","Symbolophorus","Symbolophorus evermanni","Actinopteri",NA,NA,NA,"Clipperton"
"90",518711,518711,761239,"Species","Thalassoma purpureum","(Forsskål, 1775)",212213,4,2,"Chordata","Perciformes","Labridae","Thalassoma","Thalassoma purpureum","Actinopteri",TRUE,"LC",NA,"Clipperton"
"91",518713,518713,761239,"Species","Thalassoma robertsoni","Allen, 1995",273589,10,4,"Chordata","Perciformes","Labridae","Thalassoma","Thalassoma robertsoni","Actinopteri",TRUE,"VU",NA,"Clipperton"
"92",518722,518722,761239,"Species","Thalassoma virens","Gilbert, 1890",273593,1,1,"Chordata","Perciformes","Labridae","Thalassoma","Thalassoma virens","Actinopteri",TRUE,"VU",NA,"Clipperton"
"93",518944,518944,699389,"Order","Thecosomata","Blainville, 1824",13703,8,1,"Mollusca","Thecosomata",NA,NA,NA,"Gastropoda",NA,NA,NA,"Clipperton"
"94",520516,520516,520492,"Species","Trachinotus stilbe","(Jordan & McGregor, 1898)",273298,1,1,"Chordata","Perciformes","Carangidae","Trachinotus","Trachinotus stilbe","Actinopteri",TRUE,"LC",NA,"Clipperton"
"95",523097,523097,523093,"Species","Tursiops truncatus","(Montagu, 1821)",137111,23,10,"Chordata","Cetartiodactyla","Delphinidae","Tursiops","Tursiops truncatus","Mammalia",TRUE,"LC",NA,"Clipperton"
"96",524089,524089,762558,"Species","Uropterygius macrocephalus","(Bleeker, 1864)",212037,6,4,"Chordata","Anguilliformes","Muraenidae","Uropterygius","Uropterygius macrocephalus","Actinopteri",NA,NA,NA,"Clipperton"
"97",524099,524099,762558,"Species","Uropterygius supraforatus","(Regan, 1909)",212041,3,3,"Chordata","Anguilliformes","Muraenidae","Uropterygius","Uropterygius supraforatus","Actinopteri",NA,NA,NA,"Clipperton"
"98",526276,526276,678481,"Species","Xyrichtys wellingtoni","Allen & Robertson, 1995",273614,4,3,"Chordata","Perciformes","Labridae","Xyrichtys","Xyrichtys wellingtoni","Actinopteri",TRUE,"VU",NA,"Clipperton"
"99",526460,526460,773210,"Species","Zanclus cornutus","(Linnaeus, 1758)",220083,5,2,"Chordata","Perciformes","Zanclidae","Zanclus","Zanclus cornutus","Actinopteri",NA,NA,NA,"Clipperton"
"100",526696,526696,763193,"Genus","Ziphius","Cuvier, 1823",137035,6,4,"Chordata","Cetartiodactyla","Ziphiidae","Ziphius",NA,"Mammalia",NA,NA,NA,"Clipperton"
"101",526697,526697,526696,"Species","Ziphius cavirostris","Cuvier, 1823",137127,5,4,"Chordata","Cetartiodactyla","Ziphiidae","Ziphius","Ziphius cavirostris","Mammalia",TRUE,"LC",NA,"Clipperton"
"102",527934,527934,774798,"Species","Holothuria (Mertensiothuria) leucospilota","(Brandt, 1835)",210881,1,1,"Echinodermata","Aspidochirotida","Holothuriidae","Holothuria","Holothuria (Mertensiothuria) leucospilota","Holothuroidea",NA,NA,NA,"Clipperton"
"103",533896,533896,601621,"Species","Antipathes galapagensis","Deichmann, 1941",283898,2,1,"Cnidaria","Antipatharia","Antipathidae","Antipathes","Antipathes galapagensis","Anthozoa",NA,NA,NA,"Clipperton"
"104",547509,547509,470431,"Species","Metapenaeopsis kishinouyei","(Rathbun, 1902)",377497,1,1,"Arthropoda","Decapoda","Penaeidae","Metapenaeopsis","Metapenaeopsis kishinouyei","Malacostraca",NA,NA,NA,"Clipperton"
"105",548185,548185,473312,"Species","Mothocya arrosor","Bruce, 1986",256813,1,1,"Arthropoda","Isopoda","Cymothoidae","Mothocya","Mothocya arrosor","Malacostraca",NA,NA,NA,"Clipperton"
"106",549705,549705,479989,"Species","Octopus alecto","Berry, 1953",341942,1,1,"Mollusca","Octopoda","Octopodidae","Octopus","Octopus alecto","Cephalopoda",NA,NA,NA,"Clipperton"
"107",559911,559911,762558,"Species","Uropterygius versutus","Bussing, 1991",277955,3,3,"Chordata","Anguilliformes","Muraenidae","Uropterygius","Uropterygius versutus","Actinopteri",TRUE,"LC",NA,"Clipperton"
"108",561868,561868,778008,"Genus","Appendicularia","Fol, 1874",103357,9,1,"Chordata","Copelata","Fritillariidae","Appendicularia",NA,"Appendicularia",NA,NA,NA,"Clipperton"
"109",566764,566764,773343,"Species","Phaenomonas pinnata","Myers & Wade, 1941",277572,1,1,"Chordata","Anguilliformes","Ophichthidae","Phaenomonas","Phaenomonas pinnata","Actinopteri",TRUE,"LC",NA,"Clipperton"
"110",599082,599082,599075,"Species","Aluterus scriptus","(Osbeck, 1765)",159491,1,1,"Chordata","Tetraodontiformes","Monacanthidae","Aluterus","Aluterus scriptus","Actinopteri",NA,NA,NA,"Clipperton"
"111",600646,600646,695537,"Species","Anarchias galapagensis","(Seale, 1940)",271800,7,4,"Chordata","Anguilliformes","Muraenidae","Anarchias","Anarchias galapagensis","Actinopteri",TRUE,"LC",NA,"Clipperton"
"112",601407,601407,774090,"Species","Antennatus strigatus","(Gill, 1863)",279164,1,1,"Chordata","Lophiiformes","Antennariidae","Antennatus","Antennatus strigatus","Actinopteri",TRUE,"LC",NA,"Clipperton"
"113",601621,601621,738506,"Genus","Antipathes","Pallas, 1766",103302,1,1,"Cnidaria","Antipatharia","Antipathidae","Antipathes",NA,"Anthozoa",NA,NA,NA,"Clipperton"
"114",602044,602044,695650,"Species","Apogon atricaudus","Jordan & McGregor, 1898",272978,3,2,"Chordata","Perciformes","Apogonidae","Apogon","Apogon atricaudus","Actinopteri",TRUE,"LC",NA,"Clipperton"
"115",602219,602219,405133,"Species","Apterichtus equatorialis","(Myers & Wade, 1941)",271923,2,2,"Chordata","Anguilliformes","Ophichthidae","Apterichtus","Apterichtus equatorialis","Actinopteri",TRUE,"LC",NA,"Clipperton"
"116",603002,603002,738915,"Species","Arothron meleagris","(Anonymous, 1798)",219926,8,2,"Chordata","Tetraodontiformes","Tetraodontidae","Arothron","Arothron meleagris","Actinopteri",TRUE,"LC",NA,"Clipperton"
"117",604787,604787,739484,"Species","Balaenoptera edeni","Anderson, 1878",137089,4,2,"Chordata","Cetartiodactyla","Balaenopteridae","Balaenoptera","Balaenoptera edeni","Mammalia",TRUE,"DD",NA,"Clipperton"
"118",604975,604975,695878,"Species","Balistes polylepis","Steindachner, 1876",275234,2,1,"Chordata","Tetraodontiformes","Balistidae","Balistes","Balistes polylepis","Actinopteri",TRUE,"LC",NA,"Clipperton"
"119",605703,605703,605696,"Species","Bathygobius lineatus","(Jenyns, 1841)",277629,1,1,"Chordata","Perciformes","Gobiidae","Bathygobius","Bathygobius lineatus","Actinopteri",TRUE,"VU",NA,"Clipperton"
"120",605706,605706,605696,"Species","Bathygobius ramosus","Ginsburg, 1947",277636,1,1,"Chordata","Perciformes","Gobiidae","Bathygobius","Bathygobius ramosus","Actinopteri",TRUE,"LC",NA,"Clipperton"
"121",606840,606840,740024,"Species","Borostomias panamensis","Regan & Trewavas, 1929",275052,2,2,"Chordata","Stomiiformes","Stomiidae","Borostomias","Borostomias panamensis","Actinopteri",NA,NA,NA,"Clipperton"
"122",606890,606890,696023,"Species","Bothus mancus","(Broussonet, 1782)",219796,6,2,"Chordata","Pleuronectiformes","Bothidae","Bothus","Bothus mancus","Actinopteri",TRUE,"LC",NA,"Clipperton"
"123",607088,607088,767747,"Infraorder","Brachyura","Latreille, 1802",106673,1,1,"Arthropoda","Decapoda",NA,NA,NA,"Malacostraca",NA,NA,NA,"Clipperton"
"124",607118,607118,412982,"Species","Brama dussumieri","Cuvier, 1831",221416,3,1,"Chordata","Perciformes","Bramidae","Brama","Brama dussumieri","Actinopteri",TRUE,"LC",NA,"Clipperton"
"125",607194,607194,413112,"Species","Bregmaceros bathymaster","Jordan & Bollman, 1890",272290,2,1,"Chordata","Gadiformes","Bregmacerotidae","Bregmaceros","Bregmaceros bathymaster","Actinopteri",TRUE,"LC",NA,"Clipperton"
"126",607328,607328,413296,"Species","Brotula multibarbata","Temminck & Schlegel, 1846",217797,1,1,"Chordata","Ophidiiformes","Ophidiidae","Brotula","Brotula multibarbata","Actinopteri",NA,NA,NA,"Clipperton"
"127",609531,609531,769078,"Species","Canthidermis maculata","(Bloch, 1786)",127398,4,1,"Chordata","Tetraodontiformes","Balistidae","Canthidermis","Canthidermis maculata","Actinopteri",NA,NA,NA,"Clipperton"
"128",609554,609554,416304,"Species","Canthigaster punctatissima","(Günther, 1870)",275264,3,2,"Chordata","Tetraodontiformes","Tetraodontidae","Canthigaster","Canthigaster punctatissima","Actinopteri",TRUE,"LC",NA,"Clipperton"
"129",609714,609714,416575,"Species","Carangoides orthogrammus","(Jordan & Gilbert, 1882)",218393,1,1,"Chordata","Perciformes","Carangidae","Carangoides","Carangoides orthogrammus","Actinopteri",NA,NA,NA,"Clipperton"
"130",609747,609747,696227,"Species","Caranx melampygus","Cuvier, 1833",218419,7,2,"Chordata","Perciformes","Carangidae","Caranx","Caranx melampygus","Actinopteri",NA,NA,NA,"Clipperton"
"131",609753,609753,696227,"Species","Caranx sexfasciatus","Quoy & Gaimard, 1825",218404,5,2,"Chordata","Perciformes","Carangidae","Caranx","Caranx sexfasciatus","Actinopteri",TRUE,"LC",NA,"Clipperton"
"132",609811,609811,696240,"Species","Carcharhinus limbatus","(Müller & Henle, 1839)",105793,2,1,"Chordata","Carcharhiniformes","Carcharhinidae","Carcharhinus","Carcharhinus limbatus","Elasmobranchii",TRUE,"NT",NA,"Clipperton"
"133",611627,611627,776298,"Species","Chaenomugil proboscideus","(Günther, 1861)",280101,1,1,"Chordata","Perciformes","Mugilidae","Chaenomugil","Chaenomugil proboscideus","Actinopteri",TRUE,"LC",NA,"Clipperton"
"134",612245,612245,420623,"Species","Cheilopogon dorsomacula","(Fowler, 1944)",272153,1,1,"Chordata","Beloniformes","Exocoetidae","Cheilopogon","Cheilopogon dorsomacula","Actinopteri",TRUE,"LC",NA,"Clipperton"
"135",612257,612257,420623,"Species","Cheilopogon spilonotopterus","(Bleeker, 1865)",272163,1,1,"Chordata","Beloniformes","Exocoetidae","Cheilopogon","Cheilopogon spilonotopterus","Actinopteri",NA,NA,NA,"Clipperton"
"136",613721,613721,422967,"Species","Cirrhitichthys oxycephalus","(Bleeker, 1855)",218853,7,2,"Chordata","Perciformes","Cirrhitidae","Cirrhitichthys","Cirrhitichthys oxycephalus","Actinopteri",NA,NA,NA,"Clipperton"
"137",613722,613722,422985,"Species","Cirrhitus rivulatus","Valenciennes, 1846",279160,6,2,"Chordata","Perciformes","Cirrhitidae","Cirrhitus","Cirrhitus rivulatus","Actinopteri",TRUE,"LC",NA,"Clipperton"
"138",616102,616102,1030751,"Subclass","Copepoda","Milne Edwards, 1840",1080,9,1,"Arthropoda",NA,NA,NA,NA,NA,NA,NA,NA,"Clipperton"
"139",616640,616640,743005,"Species","Coryphaena equiselis","Linnaeus, 1758",126845,8,1,"Chordata","Perciformes","Coryphaenidae","Coryphaena","Coryphaena equiselis","Actinopteri",TRUE,"LC",NA,"Clipperton"
"140",616642,616642,743005,"Species","Coryphaena hippurus","Linnaeus, 1758",126846,3,1,"Chordata","Perciformes","Coryphaenidae","Coryphaena","Coryphaena hippurus","Actinopteri",TRUE,"LC",NA,"Clipperton"
"141",618105,618105,738303,"Phylum","Ctenophora","Eschscholtz, 1829",1248,1,1,"Ctenophora",NA,NA,NA,NA,NA,NA,NA,NA,"Clipperton"
"142",620020,620020,432454,"Species","Decapterus macarellus","(Cuvier, 1833)",126807,1,1,"Chordata","Perciformes","Carangidae","Decapterus","Decapterus macarellus","Actinopteri",NA,NA,NA,"Clipperton"
"143",621227,621227,434603,"Species","Diodon holocanthus","Linnaeus, 1758",127402,1,1,"Chordata","Tetraodontiformes","Diodontidae","Diodon","Diodon holocanthus","Actinopteri",NA,NA,NA,"Clipperton"
"144",621228,621228,434603,"Species","Diodon hystrix","Linnaeus, 1758",127403,1,1,"Chordata","Tetraodontiformes","Diodontidae","Diodon","Diodon hystrix","Actinopteri",NA,NA,NA,"Clipperton"
"145",622177,622177,622175,"Subspecies","Doryrhamphus excisus excisus","Kaup, 1856",293586,2,2,"Chordata","Syngnathiformes","Syngnathidae","Doryrhamphus","Doryrhamphus excisus","Actinopteri",TRUE,"LC",NA,"Clipperton"
"146",623163,623163,769015,"Species","Elagatis bipinnulata","(Quoy & Gaimard, 1825)",126809,4,2,"Chordata","Perciformes","Carangidae","Elagatis","Elagatis bipinnulata","Actinopteri",NA,NA,NA,"Clipperton"
"147",625521,625521,441583,"Species","Euleptorhamphus viridis","(van Hasselt, 1823)",220012,4,2,"Chordata","Beloniformes","Hemiramphidae","Euleptorhamphus","Euleptorhamphus viridis","Actinopteri",NA,NA,NA,"Clipperton"
"148",625824,625824,440898,"Order","Euphausiacea","Dana, 1852",1128,9,1,"Arthropoda","Euphausiacea",NA,NA,NA,"Malacostraca",NA,NA,NA,"Clipperton"
"149",626335,626335,769049,"Species","Euthynnus lineatus","Kishinouye, 1920",273806,1,1,"Chordata","Perciformes","Scombridae","Euthynnus","Euthynnus lineatus","Actinopteri",TRUE,"LC",NA,"Clipperton"
"150",626505,626505,443060,"Species","Exocoetus monocirrhus","Richardson, 1846",217869,8,3,"Chordata","Beloniformes","Exocoetidae","Exocoetus","Exocoetus monocirrhus","Actinopteri",NA,NA,NA,"Clipperton"
"151",626510,626510,443060,"Species","Exocoetus volitans","Linnaeus, 1758",126385,10,3,"Chordata","Beloniformes","Exocoetidae","Exocoetus","Exocoetus volitans","Actinopteri",NA,NA,NA,"Clipperton"
"152",628090,628090,767633,"Species","Galeocerdo cuvier","(Péron & Lesueur, 1822)",105799,1,1,"Chordata","Carcharhiniformes","Carcharhinidae","Galeocerdo","Galeocerdo cuvier","Elasmobranchii",TRUE,"NT",NA,"Clipperton"
"153",630669,630669,773020,"Species","Gymnomuraena zebra","(Shaw, 1797)",217476,3,1,"Chordata","Anguilliformes","Muraenidae","Gymnomuraena","Gymnomuraena zebra","Actinopteri",NA,NA,NA,"Clipperton"
"154",630701,630701,747330,"Species","Gymnothorax dovii","(Günther, 1870)",271831,6,1,"Chordata","Anguilliformes","Muraenidae","Gymnothorax","Gymnothorax dovii","Actinopteri",TRUE,"LC",NA,"Clipperton"
"155",630743,630743,747330,"Species","Gymnothorax pictus","(Ahl, 1789)",217491,12,4,"Chordata","Anguilliformes","Muraenidae","Gymnothorax","Gymnothorax pictus","Actinopteri",NA,NA,NA,"Clipperton"
"156",632692,632692,747953,"Species","Hemiramphus saltator","Gilbert & Starks, 1904",272178,1,1,"Chordata","Beloniformes","Hemiramphidae","Hemiramphus","Hemiramphus saltator","Actinopteri",TRUE,"LC",NA,"Clipperton"
"157",633710,633710,454406,"Species","Hirundichthys marginatus","(Nichols & Breder, 1928)",272170,3,2,"Chordata","Beloniformes","Exocoetidae","Hirundichthys","Hirundichthys marginatus","Actinopteri",TRUE,"LC",NA,"Clipperton"
"158",635882,635882,769039,"Species","Istiophorus platypterus","(Shaw, 1792)",158812,1,1,"Chordata","Perciformes","Istiophoridae","Istiophorus","Istiophorus platypterus","Actinopteri",TRUE,"LC",NA,"Clipperton"
"159",636268,636268,769050,"Species","Katsuwonus pelamis","(Linnaeus, 1758)",127018,2,1,"Chordata","Perciformes","Scombridae","Katsuwonus","Katsuwonus pelamis","Actinopteri",TRUE,"LC",NA,"Clipperton"
"160",636568,636568,458930,"Species","Kuhlia mugil","(Forster, 1801)",218355,12,2,"Chordata","Perciformes","Kuhliidae","Kuhlia","Kuhlia mugil","Actinopteri",TRUE,"LC",NA,"Clipperton"
"161",636606,636606,698147,"Species","Kyphosus analogus","(Gill, 1862)",273519,1,1,"Chordata","Perciformes","Kyphosidae","Kyphosus","Kyphosus analogus","Actinopteri",TRUE,"LC",NA,"Clipperton"
"162",636610,636610,698147,"Species","Kyphosus elegans","(Peters, 1869)",273521,3,1,"Chordata","Perciformes","Kyphosidae","Kyphosus","Kyphosus elegans","Actinopteri",TRUE,"LC",NA,"Clipperton"
"163",640952,640952,465699,"Species","Lutjanus viridis","(Valenciennes, 1846)",276552,7,2,"Chordata","Perciformes","Lutjanidae","Lutjanus","Lutjanus viridis","Actinopteri",TRUE,"LC",NA,"Clipperton"
"164",641538,641538,466663,"Species","Macrocyprina vargata","Allison & Holden, 1971",460308,2,1,"Arthropoda","Podocopida","Macrocyprididae","Macrocyprina","Macrocyprina vargata","Ostracoda",NA,NA,NA,"Clipperton"
"165",643343,643343,469457,"Species","Melichthys niger","(Bloch, 1786)",219881,6,2,"Chordata","Tetraodontiformes","Balistidae","Melichthys","Melichthys niger","Actinopteri",NA,NA,NA,"Clipperton"
"166",643344,643344,469457,"Species","Melichthys vidua","(Richardson, 1845)",219879,1,1,"Chordata","Tetraodontiformes","Balistidae","Melichthys","Melichthys vidua","Actinopteri",NA,NA,NA,"Clipperton"
"167",645909,645909,473475,"Species","Mulloidichthys dentatus","(Gill, 1862)",277990,1,1,"Chordata","Perciformes","Mullidae","Mulloidichthys","Mulloidichthys dentatus","Actinopteri",TRUE,"LC",NA,"Clipperton"
"168",645914,645914,473475,"Species","Mulloidichthys vanicolensis","(Valenciennes, 1831)",218648,1,1,"Chordata","Perciformes","Mullidae","Mulloidichthys","Mulloidichthys vanicolensis","Actinopteri",NA,NA,NA,"Clipperton"
"169",647368,647368,752580,"Species","Naso lituratus","(Forster, 1801)",219665,1,1,"Chordata","Perciformes","Acanthuridae","Naso","Naso lituratus","Actinopteri",TRUE,"LC",NA,"Clipperton"
"170",649503,649503,478696,"Species","Nomeus gronovii","(Gmelin, 1789)",126991,1,1,"Chordata","Perciformes","Nomeidae","Nomeus","Nomeus gronovii","Actinopteri",NA,NA,NA,"Clipperton"
"171",651563,651563,481833,"Species","Ophioblennius steindachneri","Jordan & Evermann, 1898",273126,5,2,"Chordata","Perciformes","Blenniidae","Ophioblennius","Ophioblennius steindachneri","Actinopteri",TRUE,"LC",NA,"Clipperton"
"172",652748,652748,652747,"Subspecies","Oxyporhamphus micropterus micropterus","(Valenciennes, 1847)",293698,2,1,"Chordata","Beloniformes","Hemiramphidae","Oxyporhamphus","Oxyporhamphus micropterus","Actinopteri",NA,NA,NA,"Clipperton"
"173",656788,656788,755455,"Species","Petrotyx hopkinsi","Heller & Snodgrass, 1903",282224,1,1,"Chordata","Ophidiiformes","Ophidiidae","Petrotyx","Petrotyx hopkinsi","Actinopteri",TRUE,"LC",NA,"Clipperton"
"174",657621,657621,491819,"Species","Phtheirichthys lineatus","(Menzies, 1791)",126849,1,1,"Chordata","Perciformes","Echeneidae","Phtheirichthys","Phtheirichthys lineatus","Actinopteri",NA,NA,NA,"Clipperton"
"175",660141,660141,496017,"Species","Pomacanthus zonipectus","(Gill, 1862)",276028,1,1,"Chordata","Perciformes","Pomacanthidae","Pomacanthus","Pomacanthus zonipectus","Actinopteri",TRUE,"LC",NA,"Clipperton"
"176",660999,660999,497466,"Species","Prionace glauca","(Linnaeus, 1758)",105801,4,3,"Chordata","Carcharhiniformes","Carcharhinidae","Prionace","Prionace glauca","Elasmobranchii",TRUE,"NT",NA,"Clipperton"
"177",663416,663416,501467,"Species","Puffinus griseus","(Gmelin, 1789)",137202,1,1,"Chordata","Procellariiformes","Procellariidae","Puffinus","Puffinus griseus","Aves",NA,NA,NA,"Clipperton"
"178",664476,664476,503045,"Species","Remora osteochir","(Cuvier, 1829)",126852,2,2,"Chordata","Perciformes","Echeneidae","Remora","Remora osteochir","Actinopteri",NA,NA,NA,"Clipperton"
"179",664477,664477,503045,"Species","Remora remora","(Linnaeus, 1758)",126853,6,1,"Chordata","Perciformes","Echeneidae","Remora","Remora remora","Actinopteri",NA,NA,NA,"Clipperton"
"180",664801,664801,767643,"Species","Rhincodon typus","Smith, 1828",105847,2,1,"Chordata","Orectolobiformes","Rhincodontidae","Rhincodon","Rhincodon typus","Elasmobranchii",TRUE,"VU",NA,"Clipperton"
"181",665706,665706,505105,"Species","Rypticus bicolor","Valenciennes, 1846",275957,3,2,"Chordata","Perciformes","Serranidae","Rypticus","Rypticus bicolor","Actinopteri",TRUE,"LC",NA,"Clipperton"
"182",666436,666436,758511,"Species","Sargocentron suborbitalis","(Gill, 1863)",272219,8,2,"Chordata","Beryciformes","Holocentridae","Sargocentron","Sargocentron suborbitalis","Actinopteri",TRUE,"LC",NA,"Clipperton"
"183",666824,666824,700357,"Species","Scarus rubroviolaceus","Bleeker, 1847",219124,1,1,"Chordata","Perciformes","Scaridae","Scarus","Scarus rubroviolaceus","Actinopteri",TRUE,"LC",NA,"Clipperton"
"184",667496,667496,700418,"Species","Scorpaenodes xyris","(Jordan & Gilbert, 1882)",274756,10,2,"Chordata","Scorpaeniformes","Scorpaenidae","Scorpaenodes","Scorpaenodes xyris","Actinopteri",TRUE,"LC",NA,"Clipperton"
"185",667575,667575,773257,"Species","Scuticaria tigrina","(Lesson, 1828)",217530,1,1,"Chordata","Anguilliformes","Muraenidae","Scuticaria","Scuticaria tigrina","Actinopteri",NA,NA,NA,"Clipperton"
"186",667781,667781,777047,"Species","Sectator ocyurus","(Jordan & Gilbert, 1882)",282744,1,1,"Chordata","Perciformes","Kyphosidae","Sectator","Sectator ocyurus","Actinopteri",NA,NA,NA,"Clipperton"
"187",667847,667847,758956,"Species","Selar crumenophthalmus","(Bloch, 1793)",159646,2,1,"Chordata","Perciformes","Carangidae","Selar","Selar crumenophthalmus","Actinopteri",NA,NA,NA,"Clipperton"
"188",670306,670306,513102,"Species","Stegastes baldwini","Allen & Woods, 1980",276664,11,5,"Chordata","Perciformes","Pomacentridae","Stegastes","Stegastes baldwini","Actinopteri",TRUE,"NT",NA,"Clipperton"
"189",671594,671594,760496,"Species","Sufflamen verres","(Gilbert & Starks, 1904)",276853,5,2,"Chordata","Tetraodontiformes","Balistidae","Sufflamen","Sufflamen verres","Actinopteri",TRUE,"LC",NA,"Clipperton"
"190",674162,674162,519480,"Species","Thunnus albacares","(Bonnaterre, 1788)",127027,1,1,"Chordata","Perciformes","Scombridae","Thunnus","Thunnus albacares","Actinopteri",TRUE,"NT",NA,"Clipperton"
"191",677845,677845,755667,"Genus","Vinciguerria","Jordan & Evermann, 1896",126194,1,1,"Chordata","Stomiiformes","Phosichthyidae","Vinciguerria",NA,"Actinopteri",NA,NA,NA,"Clipperton"
"192",678187,678187,525733,"Species","Xanthichthys mento","(Jordan & Gilbert, 1882)",276247,1,1,"Chordata","Tetraodontiformes","Balistidae","Xanthichthys","Xanthichthys mento","Actinopteri",TRUE,"LC",NA,"Clipperton"
"193",695223,695223,695219,"Species","Abudefduf troschelii","(Gill, 1862)",273702,1,1,"Chordata","Perciformes","Pomacentridae","Abudefduf","Abudefduf troschelii","Actinopteri",TRUE,"LC",NA,"Clipperton"
"194",695260,695260,396214,"Species","Acanthurus nigricans","(Linnaeus, 1758)",219638,6,2,"Chordata","Perciformes","Acanthuridae","Acanthurus","Acanthurus nigricans","Actinopteri",TRUE,"LC",NA,"Clipperton"
"195",695261,695261,396214,"Species","Acanthurus triostegus","(Linnaeus, 1758)",219630,7,2,"Chordata","Perciformes","Acanthuridae","Acanthurus","Acanthurus triostegus","Actinopteri",TRUE,"LC",NA,"Clipperton"
"196",695262,695262,396214,"Species","Acanthurus xanthopterus","Valenciennes, 1835",219634,1,1,"Chordata","Perciformes","Acanthuridae","Acanthurus","Acanthurus xanthopterus","Actinopteri",TRUE,"LC",NA,"Clipperton"
"197",695834,695834,408463,"Species","Aulostomus chinensis","(Linnaeus, 1766)",217964,3,2,"Chordata","Syngnathiformes","Aulostomidae","Aulostomus","Aulostomus chinensis","Actinopteri",TRUE,"LC",NA,"Clipperton"
"198",695997,695997,695996,"Species","Bodianus diplotaenia","(Gill, 1862)",273527,6,2,"Chordata","Perciformes","Labridae","Bodianus","Bodianus diplotaenia","Actinopteri",TRUE,"LC",NA,"Clipperton"
"199",696229,696229,696227,"Species","Caranx caballus","Günther, 1868",273271,1,1,"Chordata","Perciformes","Carangidae","Caranx","Caranx caballus","Actinopteri",TRUE,"LC",NA,"Clipperton"
"200",696268,696268,767747,"Infraorder","Caridea","Dana, 1852",106674,1,1,"Arthropoda","Decapoda",NA,NA,NA,"Malacostraca",NA,NA,NA,"Clipperton"
"201",696387,696387,778804,"Infraorder","Cetacea","Brisson, 1762",2688,91,16,"Chordata","Cetartiodactyla",NA,NA,NA,"Mammalia",NA,NA,NA,"Clipperton"
"202",696704,696704,696678,"Species","Conus purpurascens","G. B. Sowerby I, 1833",428255,1,1,"Mollusca","Neogastropoda","Conidae","Conus","Conus purpurascens","Gastropoda",TRUE,"LC",NA,"Clipperton"
"203",696989,696989,432454,"Species","Decapterus tabl","Berry, 1968",159484,1,1,"Chordata","Perciformes","Carangidae","Decapterus","Decapterus tabl","Actinopteri",NA,NA,NA,"Clipperton"
"204",697025,697025,773106,"Species","Dermatolepis dermatolepis","(Boulenger, 1895)",276919,5,2,"Chordata","Perciformes","Serranidae","Dermatolepis","Dermatolepis dermatolepis","Actinopteri",TRUE,"LC",NA,"Clipperton"
"205",697200,697200,437008,"Species","Echeneis naucrates","Linnaeus, 1758",126848,1,1,"Chordata","Perciformes","Echeneidae","Echeneis","Echeneis naucrates","Actinopteri",NA,NA,NA,"Clipperton"
"206",697206,697206,744913,"Species","Echidna nebulosa","(Ahl, 1789)",217469,14,3,"Chordata","Anguilliformes","Muraenidae","Echidna","Echidna nebulosa","Actinopteri",NA,NA,NA,"Clipperton"
"207",697322,697322,439446,"Species","Epinephelus itajara","(Lichtenstein, 1822)",159353,1,1,"Chordata","Perciformes","Serranidae","Epinephelus","Epinephelus itajara","Actinopteri",TRUE,"CR",NA,"Clipperton"
"208",697593,697593,752044,"Class","Gastropoda","Cuvier, 1795",101,10,1,"Mollusca",NA,NA,NA,NA,"Gastropoda",NA,NA,NA,"Clipperton"
"209",698113,698113,776586,"Species","Johnrandallia nigrirostris","(Gill, 1862)",281202,2,1,"Chordata","Perciformes","Chaetodontidae","Johnrandallia","Johnrandallia nigrirostris","Actinopteri",TRUE,"LC",NA,"Clipperton"
"210",698900,698900,752461,"Species","Myripristis berndti","Jordan & Evermann, 1903",217927,3,2,"Chordata","Beryciformes","Holocentridae","Myripristis","Myripristis berndti","Actinopteri",NA,NA,NA,"Clipperton"
"211",699110,699110,699389,"Order","Nudibranchia","Cuvier, 1817",1762,2,1,"Mollusca","Nudibranchia",NA,NA,NA,"Gastropoda",NA,NA,NA,"Clipperton"
"212",699425,699425,754095,"Species","Ostracion meleagris","Shaw, 1796",219905,10,2,"Chordata","Tetraodontiformes","Ostraciidae","Ostracion","Ostracion meleagris","Actinopteri",NA,NA,NA,"Clipperton"
"213",699550,699550,776837,"Species","Paranthias colonus","(Valenciennes, 1846)",282083,6,3,"Chordata","Perciformes","Serranidae","Paranthias","Paranthias colonus","Actinopteri",TRUE,"LC",NA,"Clipperton"
"214",700248,700248,504197,"Species","Rhopalonema velatum","Gegenbaur, 1857",117865,1,1,"Cnidaria","Trachymedusae","Rhopalonematidae","Rhopalonema","Rhopalonema velatum","Hydrozoa",NA,NA,NA,"Clipperton"
"215",700495,700495,769018,"Species","Seriola rivoliana","Valenciennes, 1833",126818,2,1,"Chordata","Perciformes","Carangidae","Seriola","Seriola rivoliana","Actinopteri",NA,NA,NA,"Clipperton"
"216",700738,700738,760160,"Species","Stethojulis bandanensis","(Bleeker, 1851)",277106,5,2,"Chordata","Perciformes","Labridae","Stethojulis","Stethojulis bandanensis","Actinopteri",TRUE,"LC",NA,"Clipperton"
"217",700827,700827,700826,"Species","Sulculeolaria quadrivalvis","de Blainville, 1830",135447,1,1,"Cnidaria","Siphonophorae","Diphyidae","Sulculeolaria","Sulculeolaria quadrivalvis","Hydrozoa",NA,NA,NA,"Clipperton"
"218",701026,701026,761239,"Species","Thalassoma grammaticum","Gilbert, 1890",273580,1,1,"Chordata","Perciformes","Labridae","Thalassoma","Thalassoma grammaticum","Actinopteri",TRUE,"LC",NA,"Clipperton"
"219",738061,738061,489355,"Order","Amphipoda","Latreille, 1816",1135,9,1,"Arthropoda","Amphipoda",NA,NA,NA,"Malacostraca",NA,NA,NA,"Clipperton"
"220",738303,738303,739909,"Kingdom","Animalia",NA,2,260,1,NA,NA,NA,NA,NA,NA,NA,NA,NA,"Clipperton"
"221",738436,738436,790071,"Class","Anthozoa","Ehrenberg, 1834",1292,2,1,"Cnidaria",NA,NA,NA,NA,"Anthozoa",NA,NA,NA,"Clipperton"
"222",739484,739484,739487,"Genus","Balaenoptera","Lacépède, 1804",137013,12,6,"Chordata","Cetartiodactyla","Balaenopteridae","Balaenoptera",NA,"Mammalia",NA,NA,NA,"Clipperton"
"223",739927,739927,752044,"Class","Bivalvia","Linnaeus, 1758",105,2,1,"Mollusca",NA,NA,NA,NA,"Bivalvia",NA,NA,NA,"Clipperton"
"224",740260,740260,738303,"Phylum","Bryozoa",NA,146142,2,1,"Bryozoa",NA,NA,NA,NA,NA,NA,NA,NA,"Clipperton"
"225",740899,740899,696240,"Species","Carcharhinus falciformis","(Müller & Henle, 1839)",105789,19,2,"Chordata","Carcharhiniformes","Carcharhinidae","Carcharhinus","Carcharhinus falciformis","Elasmobranchii",TRUE,"NT",NA,"Clipperton"
"226",741567,741567,738303,"Phylum","Chaetognatha",NA,2081,9,1,"Chaetognatha",NA,NA,NA,NA,NA,NA,NA,NA,"Clipperton"
"227",741713,741713,420623,"Species","Cheilopogon papilio","(Clark, 1936)",272159,1,1,"Chordata","Beloniformes","Exocoetidae","Cheilopogon","Cheilopogon papilio","Actinopteri",TRUE,"LC",NA,"Clipperton"
"228",742115,742115,767162,"Infraclass","Cirripedia","Burmeister, 1834",1082,5,1,"Arthropoda",NA,NA,NA,NA,NA,NA,NA,NA,"Clipperton"
"229",744676,744676,1014135,"Family","Doliolidae","Bronn, 1862",137215,9,1,"Chordata","Doliolida","Doliolidae",NA,NA,"Thaliacea",NA,NA,NA,"Clipperton"
"230",744929,744929,738303,"Phylum","Echinodermata","Bruguière, 1791 [ex Klein, 1734]",1806,10,1,"Echinodermata",NA,NA,NA,NA,NA,NA,NA,NA,"Clipperton"
"231",745367,745367,439446,"Species","Epinephelus clippertonensis","Allen & Robertson, 1999",273843,13,2,"Chordata","Perciformes","Serranidae","Epinephelus","Epinephelus clippertonensis","Actinopteri",TRUE,"LC",NA,"Clipperton"
"232",746374,746374,823298,"Phylum","Foraminifera",NA,1410,11,1,"Foraminifera",NA,NA,NA,NA,NA,NA,NA,NA,"Clipperton"
"233",746849,746849,446767,"Species","Globigerinoides ruber","(d'Orbigny, 1839)",113444,1,1,"Foraminifera","Globigerinida","Globigerinidae","Globigerinoides","Globigerinoides ruber","Globothalamea",NA,NA,NA,"Clipperton"
"234",746878,746878,629048,"Species","Globorotalia menardii","(d'Orbigny, 1826)",113450,1,1,"Foraminifera","Globigerinida","Globorotaliidae","Globorotalia","Globorotalia menardii","Globothalamea",NA,NA,NA,"Clipperton"
"235",747330,747330,781020,"Genus","Gymnothorax","Bloch, 1795",125636,3,2,"Chordata","Anguilliformes","Muraenidae","Gymnothorax",NA,"Actinopteri",NA,NA,NA,"Clipperton"
"236",748521,748521,790071,"Class","Hydrozoa","Owen, 1843",1337,9,1,"Cnidaria",NA,NA,NA,NA,"Hydrozoa",NA,NA,NA,"Clipperton"
"237",753974,753974,652062,"Species","Orbulina universa","d'Orbigny, 1839",113460,1,1,"Foraminifera","Globigerinida","Globigerinidae","Orbulina","Orbulina universa","Globothalamea",NA,NA,NA,"Clipperton"
"238",755455,755455,771458,"Genus","Petrotyx","Heller & Snodgrass, 1903",270357,1,1,"Chordata","Ophidiiformes","Ophidiidae","Petrotyx",NA,"Actinopteri",NA,NA,NA,"Clipperton"
"239",755917,755917,766931,"Superclass","Pisces",NA,11676,17,1,"Chordata",NA,NA,NA,NA,NA,NA,NA,NA,"Clipperton"
"240",756395,756395,738325,"Class","Polychaeta","Grube, 1850",883,12,1,"Annelida",NA,NA,NA,NA,"Polychaeta",NA,NA,NA,"Clipperton"
"241",757063,757063,739909,"Kingdom","Protozoa","Owen, 1858",5,1,1,NA,NA,NA,NA,NA,NA,NA,NA,NA,"Clipperton"
"242",757659,757659,769807,"Family","Pyrosomatidae","Lahille, 1888",137216,2,1,"Chordata","Pyrosomatida","Pyrosomatidae",NA,NA,"Thaliacea",NA,NA,NA,"Clipperton"
"243",758425,758425,758424,"Family","Salpidae","Lahille, 1888",137217,7,1,"Chordata","Salpida","Salpidae",NA,NA,"Thaliacea",NA,NA,NA,"Clipperton"
"244",759119,759119,738285,"Family","Serrivomeridae","Trewavas, 1932",125435,1,1,"Chordata","Anguilliformes","Serrivomeridae",NA,NA,"Actinopteri",NA,NA,NA,"Clipperton"
"245",759384,759384,766909,"Family","Sipunculidae","Rafinesque, 1814",1648,1,1,"Sipuncula","Golfingiida","Sipunculidae",NA,NA,"Sipunculidea",NA,NA,NA,"Clipperton"
"246",761239,761239,636773,"Genus","Thalassoma","Swainson, 1839",126024,2,1,"Chordata","Perciformes","Labridae","Thalassoma",NA,"Actinopteri",NA,NA,NA,"Clipperton"
"247",761265,761265,676168,"Class","Thaliacea","Van der Haeven, 1850",22626,2,1,"Chordata",NA,NA,NA,NA,"Thaliacea",NA,NA,NA,"Clipperton"
"248",762213,762213,756046,"Class","Turbellaria",NA,794,1,1,"Platyhelminthes",NA,NA,NA,NA,"Turbellaria",NA,NA,NA,"Clipperton"
"249",762558,762558,1014257,"Genus","Uropterygius","Rüppell, 1838",205119,1,1,"Chordata","Anguilliformes","Muraenidae","Uropterygius",NA,"Actinopteri",NA,NA,NA,"Clipperton"
"250",765104,765104,778915,"Superfamily","Pterotracheoidea","Rafinesque, 1814",387338,9,1,"Mollusca","Littorinimorpha",NA,NA,NA,"Gastropoda",NA,NA,NA,"Clipperton"
"251",798044,798044,440898,"Order","Decapoda","Latreille, 1802",1130,9,1,"Arthropoda","Decapoda",NA,NA,NA,"Malacostraca",NA,NA,NA,"Clipperton"
"252",814785,814785,774936,"Species","Corallianassa xutha","Manning, 1988",477681,1,1,"Arthropoda","Decapoda","Callianassidae","Corallianassa","Corallianassa xutha","Malacostraca",NA,NA,NA,"Clipperton"
"253",815100,815100,490358,"Species","Petrolisthes haigae","Chace, 1962",431852,2,1,"Arthropoda","Decapoda","Porcellanidae","Petrolisthes","Petrolisthes haigae","Malacostraca",NA,NA,NA,"Clipperton"
"254",825704,825704,788757,"Subspecies","Sphaeroidinella dehiscens excavata",NA,NA,1,1,"Foraminifera","Globigerinida","Globigerinidae","Sphaeroidinella","Sphaeroidinella dehiscens",NA,NA,NA,NA,"Clipperton"
"255",827295,827295,629048,"Species","Globorotalia pseudomiocenica",NA,NA,1,1,"Foraminifera","Globigerinida","Globigerinidae","Globorotalia","Globorotalia pseudomiocenica",NA,NA,NA,NA,"Clipperton"
"256",827387,827387,446767,"Species","Globigerinoides elongatus","(d'Orbigny, 1839)",113442,1,1,"Foraminifera","Globigerinida","Globigerinidae","Globigerinoides","Globigerinoides elongatus","Globothalamea",NA,NA,NA,"Clipperton"
"257",828465,828465,629048,"Species","Globorotalia pertenuis",NA,NA,1,1,"Foraminifera","Globigerinida","Globigerinidae","Globorotalia","Globorotalia pertenuis",NA,NA,NA,NA,"Clipperton"
"258",829917,829917,746891,"Subspecies","Globorotalia tumida tumida",NA,NA,1,1,"Foraminifera","Globigerinida","Globigerinidae","Globorotalia","Globorotalia tumida",NA,NA,NA,NA,"Clipperton"
"259",831189,831189,826837,"Subspecies","Globigerinoides obliquus obliquus",NA,NA,1,1,"Foraminifera","Globigerinida","Globigerinidae","Globigerinoides","Globigerinoides obliquus",NA,NA,NA,NA,"Clipperton"
"260",849906,849906,823298,"Phylum","Radiozoa",NA,582421,14,1,"Radiozoa",NA,NA,NA,NA,NA,NA,NA,NA,"Clipperton"
"261",850384,850384,605696,"Species","Bathygobius arundelii","(Garman, 1899)",277621,4,1,"Chordata","Perciformes","Gobiidae","Bathygobius","Bathygobius arundelii","Actinopteri",NA,NA,NA,"Clipperton"
"262",852284,852284,651563,"Subspecies","Ophioblennius steindachneri steindachneri",NA,NA,6,1,"Chordata","Perciformes","Blenniidae","Ophioblennius","Ophioblennius steindachneri","Actinopterygii",NA,NA,NA,"Clipperton"
"263",854172,854172,458930,"Species","Kuhlia petiti","Schultz, 1943",278248,1,1,"Chordata","Perciformes","Kuhliidae","Kuhlia","Kuhlia petiti","Actinopteri",NA,NA,NA,"Clipperton"
"264",854430,854430,665714,"Subspecies","Rypticus saponaceus bicolor",NA,NA,1,1,"Chordata","Perciformes","Serranidae","Rypticus","Rypticus saponaceus","Actinopterygii",NA,NA,NA,"Clipperton"
"265",1015530,1015530,774090,"Species","Antennatus coccineus","(Lesson, 1831)",712501,1,1,"Chordata","Lophiiformes","Antennariidae","Antennatus","Antennatus coccineus","Actinopteri",NA,NA,NA,"Clipperton"
"266",1015537,1015537,774090,"Species","Antennatus sanguineus","(Gill, 1863)",313098,3,2,"Chordata","Lophiiformes","Antennariidae","Antennatus","Antennatus sanguineus","Actinopteri",TRUE,"LC",NA,"Clipperton"
"267",1022395,1022395,773153,"Species","Hippa marmorata","(Hombron & Jacquinot, 1846)",467822,1,1,"Arthropoda","Decapoda","Hippidae","Hippa","Hippa marmorata","Malacostraca",NA,NA,NA,"Clipperton"
"268",1023526,1023526,1023521,"Species","Reishia bronni","(Dunker, 1860)",397000,4,1,"Mollusca","Neogastropoda","Muricidae","Reishia","Reishia bronni","Gastropoda",NA,NA,NA,"Clipperton"
"269",1034420,1034420,464439,"Subspecies","Littoraria pintado pullata","(Carpenter, 1864)",446388,2,1,"Mollusca","Littorinimorpha","Littorinidae","Littoraria","Littoraria pintado","Gastropoda",NA,NA,NA,"Clipperton"
"270",1035500,1035500,481833,"Species","Ophioblennius clippertonensis","Springer, 1962",712843,1,1,"Chordata","Perciformes","Blenniidae","Ophioblennius","Ophioblennius clippertonensis","Actinopteri",TRUE,"VU",NA,"Clipperton"
"271",1039171,1039171,493217,"Species","Plakinastrella clippertonensis","van Soest, Kaiser & van Syoc, 2011",572832,1,1,"Porifera","Homosclerophorida","Plakinidae","Plakinastrella","Plakinastrella clippertonensis","Homoscleromorpha",NA,NA,NA,"Clipperton"
"272",1042467,1042467,1042468,"Species","Abraliopsis (Pfefferiteuthis) affinis","(Pfeffer, 1912)",878690,1,1,"Mollusca","Oegopsida","Enoploteuthidae","Abraliopsis","Abraliopsis (Pfefferiteuthis) affinis","Cephalopoda",NA,NA,NA,"Clipperton"
