"","id","valid_id","parent_id","rank_name","tname","tauthor","worms_id","records","datasets","phylum","order","family","genus","species","class","redlist","status","ecoregion"
"1",395420,395420,395408,"Species","Abietinaria turgida","(Clark, 1877)",157609,1,1,"Cnidaria","Leptothecata","Sertulariidae","Abietinaria","Abietinaria turgida","Hydrozoa",NA,NA,"High Arctic Archipelago"
"2",396199,396199,596574,"Species","Acanthostepheia malmgreni","(Goës, 1866)",102864,2,1,"Arthropoda","Amphipoda","Oedicerotidae","Acanthostepheia","Acanthostepheia malmgreni","Malacostraca",NA,NA,"High Arctic Archipelago"
"3",398285,398285,768217,"Species","Adercotryma glomerata","(Brady, 1878)",113837,1,1,"Foraminifera","Lituolida","Adercotrymidae","Adercotryma","Adercotryma glomerata","Globothalamea",NA,NA,"High Arctic Archipelago"
"4",398634,398634,740483,"Family","Aetideidae","Giesbrecht, 1892",104075,75,1,"Arthropoda","Calanoida","Aetideidae",NA,NA,NA,NA,NA,"High Arctic Archipelago"
"5",399583,399583,769789,"Species","Alle alle","(Linnaeus, 1758)",137129,23,1,"Chordata","Charadriiformes","Alcidae","Alle","Alle alle","Aves",TRUE,"LC","High Arctic Archipelago"
"6",402405,402405,600649,"Species","Anarhichas denticulatus","Krøyer, 1845",126757,2,2,"Chordata","Perciformes","Anarhichadidae","Anarhichas","Anarhichas denticulatus","Actinopteri",NA,NA,"High Arctic Archipelago"
"7",402469,402469,402464,"Species","Anatoma crispata","(Fleming, 1828)",141417,1,1,"Mollusca",NA,"Anatomidae","Anatoma","Anatoma crispata","Gastropoda",NA,NA,"High Arctic Archipelago"
"8",405684,405684,627892,"Genus","Arctogadus","Dryagin, 1932",125728,1,1,"Chordata","Gadiformes","Gadidae","Arctogadus",NA,"Actinopteri",NA,NA,"High Arctic Archipelago"
"9",405685,405685,405684,"Species","Arctogadus borisovi","Dryagin, 1932",272297,3,1,"Chordata","Gadiformes","Gadidae","Arctogadus","Arctogadus borisovi","Actinopteri",NA,NA,"High Arctic Archipelago"
"10",405686,405686,405684,"Species","Arctogadus glacialis","(Peters, 1872)",126432,26,2,"Chordata","Gadiformes","Gadidae","Arctogadus","Arctogadus glacialis","Actinopteri",NA,NA,"High Arctic Archipelago"
"11",406296,406296,406293,"Species","Armadillidium vulgare","(Latreille, 1804)",257832,2,1,"Arthropoda","Isopoda","Armadillidiidae","Armadillidium","Armadillidium vulgare","Malacostraca",NA,NA,"High Arctic Archipelago"
"12",406678,406678,406677,"Species","Ascorhynchus abyssi","Sars, 1877",134618,1,1,"Arthropoda","Pantopoda","Ascorhynchidae","Ascorhynchus","Ascorhynchus abyssi","Pycnogonida",NA,NA,"High Arctic Archipelago"
"13",410260,410260,410258,"Species","Bathyarca frielei","(Friele, 1877)",138796,1,1,"Mollusca","Arcoida","Arcidae","Bathyarca","Bathyarca frielei","Bivalvia",NA,NA,"High Arctic Archipelago"
"14",411441,411441,606283,"Species","Beroe cucumis","Fabricius, 1780",106358,2,1,"Ctenophora","Beroida","Beroidae","Beroe","Beroe cucumis","Nuda",NA,NA,"High Arctic Archipelago"
"15",412611,412611,696028,"Species","Botrynema ellinorae","(Hartlaub, 1909)",117616,7,1,"Cnidaria","Trachymedusae","Halicreatidae","Botrynema","Botrynema ellinorae","Hydrozoa",NA,NA,"High Arctic Archipelago"
"16",414462,414462,414431,"Genus","Calanus","Leach, 1816",104152,60,1,"Arthropoda","Calanoida","Calanidae","Calanus",NA,NA,NA,NA,"High Arctic Archipelago"
"17",414468,414468,414462,"Species","Calanus finmarchicus","(Gunnerus, 1770)",104464,168,1,"Arthropoda","Calanoida","Calanidae","Calanus","Calanus finmarchicus",NA,NA,NA,"High Arctic Archipelago"
"18",418487,418487,418484,"Species","Cepphus grylle","(Linnaeus, 1758)",137130,3,1,"Chordata","Charadriiformes","Alcidae","Cepphus","Cepphus grylle","Aves",TRUE,"LC","High Arctic Archipelago"
"19",424079,424079,424077,"Species","Clione limacina","(Phipps, 1774)",139178,55,1,"Mollusca","Gymnosomata","Clionidae","Clione","Clione limacina","Gastropoda",NA,NA,"High Arctic Archipelago"
"20",427007,427007,427005,"Species","Cornuspira involvens","(Reuss, 1850)",112488,1,1,"Foraminifera","Miliolida","Cornuspiridae","Cornuspira","Cornuspira involvens","Tubothalamea",NA,NA,"High Arctic Archipelago"
"21",428708,428708,428706,"Species","Cribrostomoides jeffreysi","(Williamson, 1858)",114035,33,1,"Foraminifera","Lituolida","Ammosphaeroidinidae","Cribrostomoides","Cribrostomoides jeffreysi",NA,NA,NA,"High Arctic Archipelago"
"22",429938,429938,429892,"Species","Cuspidaria obesa","(Lovén, 1846)",139450,1,1,"Mollusca",NA,"Cuspidariidae","Cuspidaria","Cuspidaria obesa","Bivalvia",NA,NA,"High Arctic Archipelago"
"23",430251,430251,771530,"Order","Cyclopoida","Burmeister, 1834",1101,1,1,"Arthropoda","Cyclopoida",NA,NA,NA,NA,NA,NA,"High Arctic Archipelago"
"24",432114,432114,770691,"Genus","Daphnia","O.F. Müller, 1785",148370,1,1,"Arthropoda","Diplostraca","Daphniidae","Daphnia",NA,"Branchiopoda",NA,NA,"High Arctic Archipelago"
"25",434436,434436,434435,"Species","Dimophyes arctica","(Chun, 1897)",135418,9,1,"Cnidaria","Siphonophorae","Diphyidae","Dimophyes","Dimophyes arctica","Hydrozoa",NA,NA,"High Arctic Archipelago"
"26",440039,440039,769774,"Species","Erignathus barbatus","(Erxleben, 1777)",137079,2,1,"Chordata","Carnivora","Phocidae","Erignathus","Erignathus barbatus","Mammalia",TRUE,"LC","High Arctic Archipelago"
"27",441524,441524,697424,"Species","Eukrohnia hamata","(Möbius, 1875)",105416,60,2,"Chaetognatha","Phragmophora","Eukrohniidae","Eukrohnia","Eukrohnia hamata","Sagittoidea",NA,NA,"High Arctic Archipelago"
"28",441672,441672,441667,"Species","Eumicrotremus derjugini","Popov, 1926",127215,3,2,"Chordata","Scorpaeniformes","Cyclopteridae","Eumicrotremus","Eumicrotremus derjugini","Actinopteri",NA,NA,"High Arctic Archipelago"
"29",441682,441682,441667,"Species","Eumicrotremus spinosus","(Fabricius, 1776)",127217,5,2,"Chordata","Scorpaeniformes","Cyclopteridae","Eumicrotremus","Eumicrotremus spinosus","Actinopteri",NA,NA,"High Arctic Archipelago"
"30",443610,443610,768177,"Species","Favulina hexagona","(Williamson, 1848)",113193,1,1,"Foraminifera","Lagenida","Ellipsolagenidae","Favulina","Favulina hexagona","Foraminifera incertae sedis",NA,NA,"High Arctic Archipelago"
"31",443946,443946,443932,"Species","Fissurina marginata","(Montagu, 1803)",113207,10,1,"Foraminifera","Lagenida","Ellipsolagenidae","Fissurina","Fissurina marginata","Foraminifera incertae sedis",NA,NA,"High Arctic Archipelago"
"32",444548,444548,697530,"Species","Fritillaria borealis","Lohmann, 1896",103375,34,1,"Chordata","Copelata","Fritillariidae","Fritillaria","Fritillaria borealis","Appendicularia",NA,NA,"High Arctic Archipelago"
"33",444664,444664,444663,"Species","Fulmarus glacialis","(Linnaeus, 1761)",137195,36,1,"Chordata","Procellariiformes","Procellariidae","Fulmarus","Fulmarus glacialis","Aves",TRUE,"LC","High Arctic Archipelago"
"34",445537,445537,445509,"Species","Gammarus wilkitzkii","Birula, 1897",102297,1,1,"Arthropoda","Amphipoda","Gammaridae","Gammarus","Gammarus wilkitzkii","Malacostraca",NA,NA,"High Arctic Archipelago"
"35",449270,449270,747290,"Species","Gymnelus retrodorsalis","Le Danois, 1913",127095,2,2,"Chordata","Perciformes","Zoarcidae","Gymnelus","Gymnelus retrodorsalis","Actinopteri",NA,NA,"High Arctic Archipelago"
"36",449271,449271,747290,"Species","Gymnelus viridis","(Fabricius, 1780)",127096,3,2,"Chordata","Perciformes","Zoarcidae","Gymnelus","Gymnelus viridis","Actinopteri",NA,NA,"High Arctic Archipelago"
"37",449321,449321,743064,"Genus","Gymnocanthus","Swainson, 1839",126149,1,1,"Chordata","Scorpaeniformes","Cottidae","Gymnocanthus",NA,"Actinopteri",NA,NA,"High Arctic Archipelago"
"38",449327,449327,449321,"Species","Gymnocanthus tricuspis","(Reinhardt, 1830)",127198,7,2,"Chordata","Scorpaeniformes","Cottidae","Gymnocanthus","Gymnocanthus tricuspis","Actinopteri",NA,NA,"High Arctic Archipelago"
"39",451063,451063,451062,"Species","Haloptilus acutifrons","(Giesbrecht, 1893)",104422,12,1,"Arthropoda","Calanoida","Augaptilidae","Haloptilus","Haloptilus acutifrons",NA,NA,NA,"High Arctic Archipelago"
"40",451684,451684,771530,"Order","Harpacticoida","Sars M., 1903",1102,55,2,"Arthropoda","Harpacticoida",NA,NA,NA,NA,NA,NA,"High Arctic Archipelago"
"41",451694,451694,747734,"Species","Harpacticus superflexus","Willey, 1920",247786,1,1,"Arthropoda","Harpacticoida","Harpacticidae","Harpacticus","Harpacticus superflexus",NA,NA,NA,"High Arctic Archipelago"
"42",453665,453665,453656,"Species","Heterorhabdus norvegicus","(Boeck, 1872)",104579,113,2,"Arthropoda","Calanoida","Heterorhabdidae","Heterorhabdus","Heterorhabdus norvegicus",NA,NA,NA,"High Arctic Archipelago"
"43",454957,454957,768488,"Species","Homoeonema platygonon","Maas, 1893",117623,15,1,"Cnidaria","Trachymedusae","Halicreatidae","Homoeonema","Homoeonema platygonon","Hydrozoa",NA,NA,"High Arctic Archipelago"
"44",455916,455916,455913,"Species","Hymenodora glacialis","(Buchholz, 1874)",107590,4,1,"Arthropoda","Decapoda","Acanthephyridae","Hymenodora","Hymenodora glacialis","Malacostraca",NA,NA,"High Arctic Archipelago"
"45",455974,455974,634754,"Species","Hyperammina elongata","Brady, 1878",113968,32,1,"Foraminifera","Astrorhizida","Hyperamminidae","Hyperammina","Hyperammina elongata","Monothalamea",NA,NA,"High Arctic Archipelago"
"46",456612,456612,635142,"Species","Icelus spatula","Gilbert & Burke, 1912",127200,8,2,"Chordata","Scorpaeniformes","Cottidae","Icelus","Icelus spatula","Actinopteri",NA,NA,"High Arctic Archipelago"
"47",457674,457674,489355,"Order","Isopoda","Latreille, 1817",1131,10,1,"Arthropoda","Isopoda",NA,NA,NA,"Malacostraca",NA,NA,"High Arctic Archipelago"
"48",459576,459576,459575,"Species","Lagenammina atlantica","(Cushman, 1944)",114164,46,1,"Foraminifera","Astrorhizida","Saccamminidae","Lagenammina","Lagenammina atlantica","Monothalamea",NA,NA,"High Arctic Archipelago"
"49",460011,460011,460008,"Species","Lanassa venusta","(Malm, 1874)",131494,1,1,"Annelida","Terebellida","Terebellidae","Lanassa","Lanassa venusta","Polychaeta",NA,NA,"High Arctic Archipelago"
"50",463319,463319,639276,"Species","Limacina helicina","(Phipps, 1774)",140223,1,1,"Mollusca","Thecosomata","Limacinidae","Limacina","Limacina helicina","Gastropoda",NA,NA,"High Arctic Archipelago"
"51",463507,463507,639413,"Species","Limnoria tripunctata","Menzies, 1951",148645,1,1,"Arthropoda","Isopoda","Limnoriidae","Limnoria","Limnoria tripunctata","Malacostraca",NA,NA,"High Arctic Archipelago"
"52",463873,463873,771669,"Species","Liopsetta glacialis","(Pallas, 1776)",275844,1,1,"Chordata","Pleuronectiformes","Pleuronectidae","Liopsetta","Liopsetta glacialis","Actinopteri",TRUE,"LC","High Arctic Archipelago"
"53",463916,463916,639640,"Species","Liparis fabricii","Krøyer, 1847",127218,7,2,"Chordata","Scorpaeniformes","Liparidae","Liparis","Liparis fabricii","Actinopteri",NA,NA,"High Arctic Archipelago"
"54",464584,464584,768172,"Species","Lobatula lobatula","(Walker & Jacob, 1798)",113118,29,1,"Foraminifera","Rotaliida","Cibicididae","Lobatula","Lobatula lobatula","Globothalamea",NA,NA,"High Arctic Archipelago"
"55",465965,465965,641012,"Species","Lycodes marisalbi","Knipowitsch, 1906",274107,4,1,"Chordata","Perciformes","Zoarcidae","Lycodes","Lycodes marisalbi","Actinopteri",NA,NA,"High Arctic Archipelago"
"56",465967,465967,641012,"Species","Lycodes mucosus","Richardson, 1855",254584,2,2,"Chordata","Perciformes","Zoarcidae","Lycodes","Lycodes mucosus","Actinopteri",NA,NA,"High Arctic Archipelago"
"57",465982,465982,641012,"Species","Lycodes reticulatus","Reinhardt, 1835",127112,1,1,"Chordata","Perciformes","Zoarcidae","Lycodes","Lycodes reticulatus","Actinopteri",NA,NA,"High Arctic Archipelago"
"58",466189,466189,750465,"Species","Lyonsiella abyssicola","(Sars G. O., 1872)",141947,1,1,"Mollusca",NA,"Lyonsiellidae","Lyonsiella","Lyonsiella abyssicola","Bivalvia",NA,NA,"High Arctic Archipelago"
"59",469936,469936,469935,"Species","Mertensia ovum","(Fabricius, 1780)",106377,1,1,"Ctenophora","Cydippida","Mertensiidae","Mertensia","Mertensia ovum","Tentaculata",NA,NA,"High Arctic Archipelago"
"60",470732,470732,470724,"Species","Metridia longa","(Lubbock, 1854)",104632,429,2,"Arthropoda","Calanoida","Metridinidae","Metridia","Metridia longa",NA,NA,NA,"High Arctic Archipelago"
"61",470922,470922,423702,"Genus","Microcalanus","Sars G.O., 1903",104164,99,1,"Arthropoda","Calanoida","Clausocalanidae","Microcalanus",NA,NA,NA,NA,"High Arctic Archipelago"
"62",474445,474445,752435,"Species","Myoxocephalus quadricornis","(Linnaeus, 1758)",254529,59,3,"Chordata","Scorpaeniformes","Cottidae","Myoxocephalus","Myoxocephalus quadricornis","Actinopteri",NA,NA,"High Arctic Archipelago"
"63",474447,474447,752435,"Species","Myoxocephalus scorpius","(Linnaeus, 1758)",127203,6,2,"Chordata","Scorpaeniformes","Cottidae","Myoxocephalus","Myoxocephalus scorpius","Actinopteri",NA,NA,"High Arctic Archipelago"
"64",474708,474708,489355,"Order","Mysida","Boas, 1883",149668,3,1,"Arthropoda","Mysida",NA,NA,NA,"Malacostraca",NA,NA,"High Arctic Archipelago"
"65",476936,476936,793969,"Species","Neogloboquadrina pachyderma","(Ehrenberg, 1861)",113458,34,1,"Foraminifera","Globigerinida","Globorotaliidae","Neogloboquadrina","Neogloboquadrina pachyderma","Globothalamea",NA,NA,"High Arctic Archipelago"
"66",480689,480689,699175,"Species","Oithona similis","Claus, 1866",106656,169,2,"Arthropoda","Cyclopoida","Oithonidae","Oithona","Oithona similis",NA,NA,NA,"High Arctic Archipelago"
"67",481050,481050,481029,"Species","Oncaea notopus","Giesbrecht, 1891",128943,17,1,"Arthropoda","Poecilostomatoida","Oncaeidae","Oncaea","Oncaea notopus",NA,NA,NA,"High Arctic Archipelago"
"68",481431,481431,651345,"Species","Oolina globosa","(Montagu, 1803)",113219,4,1,"Foraminifera","Lagenida","Ellipsolagenidae","Oolina","Oolina globosa","Foraminifera incertae sedis",NA,NA,"High Arctic Archipelago"
"69",482354,482354,774831,"Species","Ophiostriatus striatus","(Mortensen, 1933)",244077,1,1,"Echinodermata","Ophiurida","Ophiuridae","Ophiostriatus","Ophiostriatus striatus","Ophiuroidea",NA,NA,"High Arctic Archipelago"
"70",482554,482554,699382,"Species","Ophiura sarsii","Lütken, 1855",124934,1,1,"Echinodermata","Ophiurida","Ophiuridae","Ophiura","Ophiura sarsii","Ophiuroidea",NA,NA,"High Arctic Archipelago"
"71",483545,483545,1031207,"Class","Ostracoda","Latreille, 1802",1078,57,1,"Arthropoda",NA,NA,NA,NA,"Ostracoda",NA,NA,"High Arctic Archipelago"
"72",484327,484327,769792,"Species","Pagophila eburnea","(Phipps, 1774)",137154,31,2,"Chordata","Charadriiformes","Laridae","Pagophila","Pagophila eburnea","Aves",TRUE,"NT","High Arctic Archipelago"
"73",485919,485919,653947,"Species","Paraeuchaeta glacialis","(Hansen, 1887)",104560,30,2,"Arthropoda","Calanoida","Euchaetidae","Paraeuchaeta","Paraeuchaeta glacialis",NA,NA,NA,"High Arctic Archipelago"
"74",485924,485924,653947,"Species","Paraeuchaeta norvegica","(Boeck, 1872)",104566,26,2,"Arthropoda","Calanoida","Euchaetidae","Paraeuchaeta","Paraeuchaeta norvegica",NA,NA,NA,"High Arctic Archipelago"
"75",488399,488399,768201,"Species","Patellina corrugata","Williamson, 1858",113626,1,1,"Foraminifera","Spirillinida","Patellinidae","Patellina","Patellina corrugata","Tubothalamea",NA,NA,"High Arctic Archipelago"
"76",494515,494515,494514,"Species","Plotocnide borealis","Wagner, 1885",117458,3,1,"Cnidaria","Anthoathecata","Boreohydridae","Plotocnide","Plotocnide borealis","Hydrozoa",NA,NA,"High Arctic Archipelago"
"77",495042,495042,756357,"Species","Polarella glacialis","M.Montresor, G.Procaccini & D.K.Stoecker, 1999",232248,1,1,"Myzozoa","Suessiales","Suessiaceae","Polarella","Polarella glacialis","Dinophyceae",NA,NA,"High Arctic Archipelago"
"78",496610,496610,496607,"Species","Porcellio laevis","Latreille, 1804",262343,1,1,"Arthropoda","Isopoda","Porcellionidae","Porcellio","Porcellio laevis","Malacostraca",NA,NA,"High Arctic Archipelago"
"79",496616,496616,496615,"Species","Porcellionides pruinosus","(Brandt, 1833)",262544,1,1,"Arthropoda","Isopoda","Porcellionidae","Porcellionides","Porcellionides pruinosus","Malacostraca",NA,NA,"High Arctic Archipelago"
"80",498744,498744,509465,"Genus","Protula","Risso, 1826",129575,1,1,"Annelida","Sabellida","Serpulidae","Protula",NA,"Polychaeta",NA,NA,"High Arctic Archipelago"
"81",499469,499469,423702,"Genus","Pseudocalanus","Boeck, 1872",104165,90,1,"Arthropoda","Calanoida","Clausocalanidae","Pseudocalanus",NA,NA,NA,NA,"High Arctic Archipelago"
"82",499470,499470,499469,"Species","Pseudocalanus acuspes","(Giesbrecht, 1881)",104514,50,1,"Arthropoda","Calanoida","Clausocalanidae","Pseudocalanus","Pseudocalanus acuspes",NA,NA,NA,"High Arctic Archipelago"
"83",503088,503088,503080,"Species","Reophax fusiformis","(Williamson, 1858)",114003,44,1,"Foraminifera","Lituolida","Reophacidae","Reophax","Reophax fusiformis","Globothalamea",NA,NA,"High Arctic Archipelago"
"84",503092,503092,503080,"Species","Reophax nodulosus","Brady, 1879",114012,44,1,"Foraminifera","Lituolida","Reophacidae","Reophax","Reophax nodulosus","Globothalamea",NA,NA,"High Arctic Archipelago"
"85",503243,503243,768226,"Species","Rhabdammina abyssorum","M. Sars, 1869",113898,1,1,"Foraminifera","Astrorhizida","Rhabdamminidae","Rhabdammina","Rhabdammina abyssorum","Monothalamea",NA,NA,"High Arctic Archipelago"
"86",504524,504524,769794,"Species","Rissa tridactyla","(Linnaeus, 1758)",137156,17,1,"Chordata","Charadriiformes","Laridae","Rissa","Rissa tridactyla","Aves",TRUE,"LC","High Arctic Archipelago"
"87",504950,504950,665587,"Species","Rossia moelleri","Steenstrup, 1856",156383,3,1,"Mollusca","Sepiida","Sepiolidae","Rossia","Rossia moelleri","Cephalopoda",TRUE,"LC","High Arctic Archipelago"
"88",505249,505249,505245,"Species","Saccammina sphaerica","Brady, 1871",114191,40,1,"Foraminifera","Astrorhizida","Saccamminidae","Saccammina","Saccammina sphaerica","Monothalamea",NA,NA,"High Arctic Archipelago"
"89",505312,505312,770442,"Species","Saccorhiza ramosa","(Brady, 1879)",113974,14,1,"Foraminifera","Astrorhizida","Hyperamminidae","Saccorhiza","Saccorhiza ramosa","Monothalamea",NA,NA,"High Arctic Archipelago"
"90",510674,510674,510667,"Species","Siphonodentalium lobatum","(G. B. Sowerby II, 1860)",140015,1,1,"Mollusca","Gadilida","Gadilidae","Siphonodentalium","Siphonodentalium lobatum","Scaphopoda",NA,NA,"High Arctic Archipelago"
"91",510729,510729,764111,"Order","Siphonophorae","Eschscholtz, 1829",1371,55,2,"Cnidaria","Siphonophorae",NA,NA,NA,"Hydrozoa",NA,NA,"High Arctic Archipelago"
"92",512174,512174,669673,"Species","Spinocalanus horridus","Wolfenden, 1911",104851,12,1,"Arthropoda","Calanoida","Spinocalanidae","Spinocalanus","Spinocalanus horridus",NA,NA,NA,"High Arctic Archipelago"
"93",513852,513852,670746,"Species","Sterna hirundo","Linnaeus, 1758",137162,1,1,"Chordata","Charadriiformes","Sternidae","Sterna","Sterna hirundo","Aves",TRUE,"LC","High Arctic Archipelago"
"94",514739,514739,671279,"Species","Strongylocentrotus droebachiensis","(O.F. Müller, 1776)",124321,1,1,"Echinodermata","Camarodonta","Strongylocentrotidae","Strongylocentrotus","Strongylocentrotus droebachiensis","Echinoidea",NA,NA,"High Arctic Archipelago"
"95",514838,514838,514816,"Species","Styela rustica","Linnaeus, 1767",103937,1,1,"Chordata","Stolidobranchia","Styelidae","Styela","Styela rustica","Ascidiacea",NA,NA,"High Arctic Archipelago"
"96",518315,518315,518305,"Species","Textularia earlandi","Parker, 1952",114273,33,1,"Foraminifera","Textulariida","Textulariidae","Textularia","Textularia earlandi","Globothalamea",NA,NA,"High Arctic Archipelago"
"97",518335,518335,518305,"Species","Textularia torquata","Parker, 1952",114288,26,1,"Foraminifera","Textulariida","Textulariidae","Textularia","Textularia torquata","Globothalamea",NA,NA,"High Arctic Archipelago"
"98",519002,519002,531490,"Species","Themisto abyssorum","(Boeck, 1871)",103259,24,2,"Arthropoda","Amphipoda","Hyperiidae","Themisto","Themisto abyssorum","Malacostraca",NA,NA,"High Arctic Archipelago"
"99",519007,519007,531490,"Species","Themisto libellula","(Lichtenstein in Mandt, 1822)",156452,10,1,"Arthropoda","Amphipoda","Hyperiidae","Themisto","Themisto libellula","Malacostraca",NA,NA,"High Arctic Archipelago"
"100",519704,519704,519696,"Species","Thysanoessa longicaudata","(Krøyer, 1846)",110709,9,1,"Arthropoda","Euphausiacea","Euphausiidae","Thysanoessa","Thysanoessa longicaudata","Malacostraca",NA,NA,"High Arctic Archipelago"
"101",519927,519927,519924,"Species","Tindaria derjugini","Gorbunov, 1946",141681,1,1,"Mollusca","Nuculanoida","Tindariidae","Tindaria","Tindaria derjugini","Bivalvia",NA,NA,"High Arctic Archipelago"
"102",521421,521421,675324,"Species","Triglops pingelii","Reinhardt, 1837",127207,4,2,"Chordata","Scorpaeniformes","Cottidae","Triglops","Triglops pingelii","Actinopteri",NA,NA,"High Arctic Archipelago"
"103",521556,521556,521517,"Species","Triloculina trihedra","Loeblich & Tappan, 1953",163643,8,1,"Foraminifera","Miliolida","Hauerinidae","Triloculina","Triloculina trihedra","Tubothalamea",NA,NA,"High Arctic Archipelago"
"104",523957,523957,737619,"Genus","Uria","Brisson, 1760",137041,4,1,"Chordata","Charadriiformes","Alcidae","Uria",NA,"Aves",NA,NA,"High Arctic Archipelago"
"105",524196,524196,769777,"Species","Ursus maritimus","Phipps, 1774",137085,2,1,"Chordata","Carnivora","Ursidae","Ursus","Ursus maritimus","Mammalia",TRUE,"VU","High Arctic Archipelago"
"106",529129,529129,669673,"Species","Spinocalanus antarcticus","Wolfenden, 1906",254612,39,1,"Arthropoda","Calanoida","Spinocalanidae","Spinocalanus","Spinocalanus antarcticus",NA,NA,NA,"High Arctic Archipelago"
"107",539243,539243,682209,"Species","Cyclopecten hoskynsi","(Forbes, 1844)",140700,1,1,"Mollusca","Pectinoida","Propeamussiidae","Cyclopecten","Cyclopecten hoskynsi","Bivalvia",NA,NA,"High Arctic Archipelago"
"108",541810,541810,442295,"Species","Eurycope hanseni","Ohlin, 1901",233979,3,1,"Arthropoda","Isopoda","Munnopsidae","Eurycope","Eurycope hanseni","Malacostraca",NA,NA,"High Arctic Archipelago"
"109",544457,544457,527988,"Species","Icasterias panopla","(Stuxberg, 1879)",123796,1,1,"Echinodermata","Forcipulatida","Asteriidae","Icasterias","Icasterias panopla","Asteroidea",NA,NA,"High Arctic Archipelago"
"110",556521,556521,510285,"Species","Similipecten greenlandicus","(G. B. Sowerby II, 1842)",181299,1,1,"Mollusca","Pectinoida","Propeamussiidae","Similipecten","Similipecten greenlandicus","Bivalvia",NA,NA,"High Arctic Archipelago"
"111",582056,582056,768434,"Species","Tachidius (Tachidius) discipes","Giesbrecht, 1881",116814,1,1,"Arthropoda","Harpacticoida","Tachidiidae","Tachidius","Tachidius (Tachidius) discipes",NA,NA,NA,"High Arctic Archipelago"
"112",587426,587426,739018,"Species","Astarte acuticostata","Friele, 1877",138816,1,1,"Mollusca","Carditoida","Astartidae","Astarte","Astarte acuticostata","Bivalvia",NA,NA,"High Arctic Archipelago"
"113",597930,597930,398468,"Species","Aeginopsis laurentii","Brandt, 1838",117265,51,2,"Cnidaria","Narcomedusae","Aeginidae","Aeginopsis","Aeginopsis laurentii","Hydrozoa",NA,NA,"High Arctic Archipelago"
"114",598219,598219,398853,"Species","Aglantha digitale","(O. F. Müller, 1776)",117849,53,2,"Cnidaria","Trachymedusae","Rhopalonematidae","Aglantha","Aglantha digitale","Hydrozoa",NA,NA,"High Arctic Archipelago"
"115",598237,598237,598231,"Species","Aglaophamus malmgreni","(Théel, 1879)",130344,1,1,"Annelida","Phyllodocida","Nephtyidae","Aglaophamus","Aglaophamus malmgreni","Polychaeta",NA,NA,"High Arctic Archipelago"
"116",598708,598708,399577,"Species","Allantactis parasitica","Danielssen, 1890",100933,1,1,"Cnidaria","Actiniaria","Hormathiidae","Allantactis","Allantactis parasitica","Anthozoa",NA,NA,"High Arctic Archipelago"
"117",604839,604839,767671,"Genus","Balanus","Costa, 1778",106122,2,1,"Arthropoda","Sessilia","Balanidae","Balanus",NA,NA,NA,NA,"High Arctic Archipelago"
"118",606796,606796,768967,"Species","Boreogadus saida","(Lepechin, 1774)",126433,20,2,"Chordata","Gadiformes","Gadidae","Boreogadus","Boreogadus saida","Actinopteri",NA,NA,"High Arctic Archipelago"
"119",608182,608182,414462,"Species","Calanus glacialis","Jaschnov, 1955",104465,1081,4,"Arthropoda","Calanoida","Calanidae","Calanus","Calanus glacialis",NA,NA,NA,"High Arctic Archipelago"
"120",608189,608189,414462,"Species","Calanus hyperboreus","Krøyer, 1838",104467,1068,3,"Arthropoda","Calanoida","Calanidae","Calanus","Calanus hyperboreus",NA,NA,NA,"High Arctic Archipelago"
"121",615444,615444,1011836,"Genus","Conchoecia","Dana, 1849",127533,1,1,"Arthropoda","Halocyprida","Halocyprididae","Conchoecia",NA,"Ostracoda",NA,NA,"High Arctic Archipelago"
"122",616102,616102,1030751,"Subclass","Copepoda","Milne Edwards, 1840",1080,110,2,"Arthropoda",NA,NA,NA,NA,NA,NA,NA,"High Arctic Archipelago"
"123",617179,617179,757410,"Genus","Cottunculus","Collett, 1875",126167,1,1,"Chordata","Scorpaeniformes","Psychrolutidae","Cottunculus",NA,"Actinopteri",NA,NA,"High Arctic Archipelago"
"124",618105,618105,738303,"Phylum","Ctenophora","Eschscholtz, 1829",1248,22,1,"Ctenophora",NA,NA,NA,NA,NA,NA,NA,"High Arctic Archipelago"
"125",619669,619669,431783,"Species","Dacrydium vitreum","(Møller, 1842)",140449,1,1,"Mollusca","Mytiloida","Mytilidae","Dacrydium","Dacrydium vitreum","Bivalvia",NA,NA,"High Arctic Archipelago"
"126",624069,624069,777271,"Infraorder","Epicaridea","Latreille, 1831",13795,1,1,"Arthropoda","Isopoda",NA,NA,NA,"Malacostraca",NA,NA,"High Arctic Archipelago"
"127",628273,628273,445509,"Species","Gammarus setosus","Dementieva, 1931",102293,1,1,"Arthropoda","Amphipoda","Gammaridae","Gammarus","Gammarus setosus","Malacostraca",NA,NA,"High Arctic Archipelago"
"128",629092,629092,768215,"Species","Glomospira gordialis","(Jones & Parker, 1860)",113830,27,1,"Foraminifera","Spirillinida","Ammodiscidae","Glomospira","Glomospira gordialis","Tubothalamea",NA,NA,"High Arctic Archipelago"
"129",631494,631494,450895,"Species","Halitholus cirratus","Hartlaub, 1913",157951,7,1,"Cnidaria","Anthoathecata","Pandeidae","Halitholus","Halitholus cirratus","Hydrozoa",NA,NA,"High Arctic Archipelago"
"130",635143,635143,635142,"Species","Icelus bicornis","(Reinhardt, 1840)",127199,29,2,"Chordata","Scorpaeniformes","Cottidae","Icelus","Icelus bicornis","Actinopteri",NA,NA,"High Arctic Archipelago"
"131",636022,636022,767556,"Species","Jaschnovia tolli","(Linko, 1913)",247787,7,2,"Arthropoda","Calanoida","Aetideidae","Jaschnovia","Jaschnovia tolli",NA,NA,NA,"High Arctic Archipelago"
"132",637363,637363,460223,"Species","Larus hyperboreus","Gunnerus, 1767",137145,8,1,"Chordata","Charadriiformes","Laridae","Larus","Larus hyperboreus","Aves",TRUE,"LC","High Arctic Archipelago"
"133",639276,639276,767088,"Genus","Limacina","Bosc, 1817",138122,19,1,"Mollusca","Thecosomata","Limacinidae","Limacina",NA,"Gastropoda",NA,NA,"High Arctic Archipelago"
"134",639661,639661,639640,"Species","Liparis tunicatus","Reinhardt, 1836",154825,6,2,"Chordata","Scorpaeniformes","Liparidae","Liparis","Liparis tunicatus","Actinopteri",NA,NA,"High Arctic Archipelago"
"135",641034,641034,641012,"Species","Lycodes pallidus","Collett, 1879",127110,5,2,"Chordata","Perciformes","Zoarcidae","Lycodes","Lycodes pallidus","Actinopteri",NA,NA,"High Arctic Archipelago"
"136",641035,641035,641012,"Species","Lycodes polaris","(Sabine, 1824)",127111,2,2,"Chordata","Perciformes","Zoarcidae","Lycodes","Lycodes polaris","Actinopteri",NA,NA,"High Arctic Archipelago"
"137",641045,641045,641012,"Species","Lycodes vahlii","Reinhardt, 1831",127118,2,2,"Chordata","Perciformes","Zoarcidae","Lycodes","Lycodes vahlii","Actinopteri",NA,NA,"High Arctic Archipelago"
"138",646985,646985,474736,"Species","Mysis oculata","(Fabricius, 1780)",120115,3,2,"Arthropoda","Mysida","Mysidae","Mysis","Mysis oculata","Malacostraca",NA,NA,"High Arctic Archipelago"
"139",646989,646989,474736,"Species","Mysis segerstralei","Audzijonyte & Vainola, 2005",389361,2,1,"Arthropoda","Mysida","Mysidae","Mysis","Mysis segerstralei","Malacostraca",NA,NA,"High Arctic Archipelago"
"140",651239,651239,651238,"Species","Onisimus glacialis","(G.O. Sars, 1900)",102644,2,1,"Arthropoda","Amphipoda","Uristidae","Onisimus","Onisimus glacialis","Malacostraca",NA,NA,"High Arctic Archipelago"
"141",651794,651794,766218,"Class","Ophiuroidea","Gray, 1840",123084,24,1,"Echinodermata",NA,NA,NA,NA,"Ophiuroidea",NA,NA,"High Arctic Archipelago"
"142",653947,653947,745619,"Genus","Paraeuchaeta","Scott A., 1909",196874,193,1,"Arthropoda","Calanoida","Euchaetidae","Paraeuchaeta",NA,NA,NA,NA,"High Arctic Archipelago"
"143",654645,654645,754843,"Species","Parasagitta elegans","(Verrill, 1873)",105440,62,2,"Chaetognatha","Aphragmophora","Sagittidae","Parasagitta","Parasagitta elegans","Sagittoidea",NA,NA,"High Arctic Archipelago"
"144",665746,665746,505228,"Species","Sabinea septemcarinata","(Sabine, 1824)",107567,2,1,"Arthropoda","Decapoda","Crangonidae","Sabinea","Sabinea septemcarinata","Malacostraca",NA,NA,"High Arctic Archipelago"
"145",666766,666766,758608,"Species","Scaphocalanus magnus","(Scott T., 1894)",104798,82,1,"Arthropoda","Calanoida","Scolecitrichidae","Scaphocalanus","Scaphocalanus magnus",NA,NA,NA,"High Arctic Archipelago"
"146",669673,669673,512167,"Genus","Spinocalanus","Giesbrecht, 1888",104236,30,1,"Arthropoda","Calanoida","Spinocalanidae","Spinocalanus",NA,NA,NA,NA,"High Arctic Archipelago"
"147",669681,669681,669673,"Species","Spinocalanus elongatus","Brodsky, 1950",254613,6,1,"Arthropoda","Calanoida","Spinocalanidae","Spinocalanus","Spinocalanus elongatus",NA,NA,NA,"High Arctic Archipelago"
"148",670700,670700,760130,"Species","Stercorarius longicaudus","Vieillot, 1819",137171,1,1,"Chordata","Charadriiformes","Stercorariidae","Stercorarius","Stercorarius longicaudus","Aves",TRUE,"LC","High Arctic Archipelago"
"149",674277,674277,519696,"Species","Thysanoessa raschii","(M. Sars, 1864)",110711,1,1,"Arthropoda","Euphausiacea","Euphausiidae","Thysanoessa","Thysanoessa raschii","Malacostraca",NA,NA,"High Arctic Archipelago"
"150",679464,679464,767403,"Species","Neohela monstrosa","(Boeck, 1861)",102108,1,1,"Arthropoda","Amphipoda","Unciolidae","Neohela","Neohela monstrosa","Malacostraca",NA,NA,"High Arctic Archipelago"
"151",695341,695341,398635,"Species","Aetideopsis rostrata","Sars G.O., 1903",104272,27,1,"Arthropoda","Calanoida","Aetideidae","Aetideopsis","Aetideopsis rostrata",NA,NA,NA,"High Arctic Archipelago"
"152",697530,697530,778009,"Genus","Fritillaria","Fol, 1872",103358,32,1,"Chordata","Copelata","Fritillariidae","Fritillaria",NA,"Appendicularia",NA,NA,"High Arctic Archipelago"
"153",697593,697593,752044,"Class","Gastropoda","Cuvier, 1795",101,20,1,"Mollusca",NA,NA,NA,NA,"Gastropoda",NA,NA,"High Arctic Archipelago"
"154",698481,698481,794395,"Family","Lysianassidae","Dana, 1849",101395,5,1,"Arthropoda","Amphipoda","Lysianassidae",NA,NA,"Malacostraca",NA,NA,"High Arctic Archipelago"
"155",699161,699161,778075,"Genus","Oikopleura","Mertens, 1830",103367,64,1,"Chordata","Copelata","Oikopleuridae","Oikopleura",NA,"Appendicularia",NA,NA,"High Arctic Archipelago"
"156",699177,699177,699175,"Species","Oithona atlantica","Farran, 1908",106642,39,1,"Arthropoda","Cyclopoida","Oithonidae","Oithona","Oithona atlantica",NA,NA,NA,"High Arctic Archipelago"
"157",700064,700064,499469,"Species","Pseudocalanus minutus","(Krøyer, 1845)",104517,239,2,"Arthropoda","Calanoida","Clausocalanidae","Pseudocalanus","Pseudocalanus minutus",NA,NA,NA,"High Arctic Archipelago"
"158",700385,700385,758763,"Species","Scolecithricella minor","(Brady, 1883)",104811,128,1,"Arthropoda","Calanoida","Scolecitrichidae","Scolecithricella","Scolecithricella minor",NA,NA,NA,"High Arctic Archipelago"
"159",738061,738061,489355,"Order","Amphipoda","Latreille, 1816",1135,36,1,"Arthropoda","Amphipoda",NA,NA,NA,"Malacostraca",NA,NA,"High Arctic Archipelago"
"160",738436,738436,790071,"Class","Anthozoa","Ehrenberg, 1834",1292,3,1,"Cnidaria",NA,NA,NA,NA,"Anthozoa",NA,NA,"High Arctic Archipelago"
"161",739309,739309,408235,"Species","Augaptilus glacialis","Sars G.O., 1900",104372,2,1,"Arthropoda","Calanoida","Augaptilidae","Augaptilus","Augaptilus glacialis",NA,NA,NA,"High Arctic Archipelago"
"162",739927,739927,752044,"Class","Bivalvia","Linnaeus, 1758",105,7,1,"Mollusca",NA,NA,NA,NA,"Bivalvia",NA,NA,"High Arctic Archipelago"
"163",740327,740327,740321,"Species","Bulimina marginata","d'Orbigny, 1826",113042,2,1,"Foraminifera","Rotaliida","Buliminidae","Bulimina","Bulimina marginata","Globothalamea",NA,NA,"High Arctic Archipelago"
"164",741797,741797,421217,"Species","Chiridius obtusifrons","Sars G.O., 1902",104292,94,1,"Arthropoda","Calanoida","Aetideidae","Chiridius","Chiridius obtusifrons",NA,NA,NA,"High Arctic Archipelago"
"165",742115,742115,767162,"Infraclass","Cirripedia","Burmeister, 1834",1082,4,1,"Arthropoda",NA,NA,NA,NA,NA,NA,NA,"High Arctic Archipelago"
"166",744792,744792,436452,"Species","Drepanopus bungei","Sars G.O., 1898",149756,62,2,"Arthropoda","Calanoida","Clausocalanidae","Drepanopus","Drepanopus bungei",NA,NA,NA,"High Arctic Archipelago"
"167",744929,744929,738303,"Phylum","Echinodermata","Bruguière, 1791 [ex Klein, 1734]",1806,21,1,"Echinodermata",NA,NA,NA,NA,NA,NA,NA,"High Arctic Archipelago"
"168",746526,746526,445111,"Species","Gaetanus brevispinus","(Sars G.O., 1900)",254602,5,1,"Arthropoda","Calanoida","Aetideidae","Gaetanus","Gaetanus brevispinus",NA,NA,NA,"High Arctic Archipelago"
"169",746529,746529,445111,"Species","Gaetanus tenuispinus","(Sars G.O., 1900)",237965,73,2,"Arthropoda","Calanoida","Aetideidae","Gaetanus","Gaetanus tenuispinus",NA,NA,NA,"High Arctic Archipelago"
"170",748521,748521,790071,"Class","Hydrozoa","Owen, 1843",1337,5,1,"Cnidaria",NA,NA,NA,NA,"Hydrozoa",NA,NA,"High Arctic Archipelago"
"171",748743,748743,766899,"Class","Insecta",NA,1307,1,1,"Arthropoda",NA,NA,NA,NA,"Insecta",NA,NA,"High Arctic Archipelago"
"172",751728,751728,470922,"Species","Microcalanus pygmaeus","(Sars G.O., 1900)",104513,94,2,"Arthropoda","Calanoida","Clausocalanidae","Microcalanus","Microcalanus pygmaeus",NA,NA,NA,"High Arctic Archipelago"
"173",752047,752047,472450,"Species","Molpadia arctica","(Marenzeller von, 1877)",254710,1,1,"Echinodermata","Molpadida","Molpadiidae","Molpadia","Molpadia arctica","Holothuroidea",NA,NA,"High Arctic Archipelago"
"174",755739,755739,766890,"Family","Phyllodocidae","Örsted, 1843",931,4,1,"Annelida","Phyllodocida","Phyllodocidae",NA,NA,"Polychaeta",NA,NA,"High Arctic Archipelago"
"175",756096,756096,779015,"Species","Plectrophenax nivalis","(Linnaeus, 1758)",383228,1,1,"Chordata","Passeriformes","Emberizidae","Plectrophenax","Plectrophenax nivalis","Aves",TRUE,"LC","High Arctic Archipelago"
"176",756395,756395,738325,"Class","Polychaeta","Grube, 1850",883,75,2,"Annelida",NA,NA,NA,NA,"Polychaeta",NA,NA,"High Arctic Archipelago"
"177",757143,757143,757141,"Species","Pseudaugaptilus polaris","Brodsky, 1950",254608,1,1,"Arthropoda","Calanoida","Augaptilidae","Pseudaugaptilus","Pseudaugaptilus polaris",NA,NA,NA,"High Arctic Archipelago"
"178",757630,757630,501999,"Species","Pyrgo subsphaerica","(d'Orbigny, 1839)",112601,2,1,"Foraminifera","Miliolida","Hauerinidae","Pyrgo","Pyrgo subsphaerica","Tubothalamea",NA,NA,"High Arctic Archipelago"
"179",757907,757907,768524,"Species","Rhabdoon reesi","(Shirley & Leung, 1970)",254609,1,1,"Cnidaria","Anthoathecata","Capitata incertae sedis","Rhabdoon","Rhabdoon reesi","Hydrozoa",NA,NA,"High Arctic Archipelago"
"180",757908,757908,768524,"Species","Rhabdoon singulare","Keferstein & Ehlers, 1861",117989,1,1,"Cnidaria","Anthoathecata","Capitata incertae sedis","Rhabdoon","Rhabdoon singulare","Hydrozoa",NA,NA,"High Arctic Archipelago"
"181",758613,758613,758608,"Species","Scaphocalanus brevicornis","(Sars G.O., 1900)",104790,32,1,"Arthropoda","Calanoida","Scolecitrichidae","Scaphocalanus","Scaphocalanus brevicornis",NA,NA,NA,"High Arctic Archipelago"
"182",759738,759738,669673,"Species","Spinocalanus longicornis","Sars G.O., 1900",104852,34,1,"Arthropoda","Calanoida","Spinocalanidae","Spinocalanus","Spinocalanus longicornis",NA,NA,NA,"High Arctic Archipelago"
"183",759819,759819,768244,"Species","Spiroplectammina biformis","(Parker & Jones, 1865)",114226,27,1,"Foraminifera","Lituolida","Spiroplectamminidae","Spiroplectammina","Spiroplectammina biformis","Globothalamea",NA,NA,"High Arctic Archipelago"
"184",760537,760537,753065,"Family","Syllidae","Grube, 1850",948,1,1,"Annelida","Phyllodocida","Syllidae",NA,NA,"Polychaeta",NA,NA,"High Arctic Archipelago"
"185",760939,760939,760938,"Species","Temorites brevis","Sars G.O., 1900",104459,15,1,"Arthropoda","Calanoida","Bathypontiidae","Temorites","Temorites brevis",NA,NA,NA,"High Arctic Archipelago"
"186",761884,761884,675208,"Species","Triconia borealis","(Sars G.O., 1918)",128956,93,2,"Arthropoda","Poecilostomatoida","Oncaeidae","Triconia","Triconia borealis",NA,NA,NA,"High Arctic Archipelago"
"187",762054,762054,762041,"Species","Trochammina nana","(Brady, 1881)",466011,53,1,"Foraminifera","Lituolida","Trochamminidae","Trochammina","Trochammina nana","Globothalamea",NA,NA,"High Arctic Archipelago"
"188",762497,762497,762496,"Species","Undinella longa",NA,104895,1,1,"Arthropoda","Calanoida","Tharybidae","Undinella","Undinella longa","Maxillopoda",NA,NA,"High Arctic Archipelago"
"189",763935,763935,768233,"Species","Hormosinella guttifera","(Brady, 1881)",113985,35,1,"Foraminifera","Lituolida","Hormosinellidae","Hormosinella","Hormosinella guttifera","Globothalamea",NA,NA,"High Arctic Archipelago"
"190",764548,764548,743194,"Species","Cribroelphidium incertum","Williamson, 1858",113240,20,1,"Foraminifera","Rotaliida","Elphidiidae","Cribroelphidium","Cribroelphidium incertum","Globothalamea",NA,NA,"High Arctic Archipelago"
"191",764766,764766,768169,"Species","Islandiella norcrossi","(Cushman, 1933)",113095,16,1,"Foraminifera","Rotaliida","Cassidulinidae","Islandiella","Islandiella norcrossi","Globothalamea",NA,NA,"High Arctic Archipelago"
"192",765305,765305,778080,"Species","Neomormonilla polaris","(Sars G.O., 1900)",348320,23,1,"Arthropoda","Mormonilloida","Mormonillidae","Neomormonilla","Neomormonilla polaris",NA,NA,NA,"High Arctic Archipelago"
"193",765688,765688,770837,"Species","Acartia (Acartiura) longiremis","(Lilljeborg, 1853)",346037,1,1,"Arthropoda","Calanoida","Acartiidae","Acartia","Acartia (Acartiura) longiremis",NA,NA,NA,"High Arctic Archipelago"
"194",782868,782868,768196,"Species","Astrononion gallowayi","Loeblich & Tappan, 1953",113550,3,1,"Foraminifera","Rotaliida","Nonionidae","Astrononion","Astrononion gallowayi","Globothalamea",NA,NA,"High Arctic Archipelago"
"195",783013,783013,606664,"Species","Bolivina inflata","Heron-Allen & Earland, 1913",112974,6,1,"Foraminifera","Rotaliida","Bolivinitidae","Bolivina","Bolivina inflata","Globothalamea",NA,NA,"High Arctic Archipelago"
"196",784417,784417,793708,"Species","Eoeponidella pulchella","(Parker, 1952)",417986,7,1,"Foraminifera","Rotaliida","Asterigerinatidae","Eoeponidella","Eoeponidella pulchella","Globothalamea",NA,NA,"High Arctic Archipelago"
"197",785430,785430,749218,"Species","Lagena nebulosa","(Cushman, 1923)",113500,2,1,"Foraminifera","Lagenida","Lagenidae","Lagena","Lagena nebulosa","Foraminifera incertae sedis",NA,NA,"High Arctic Archipelago"
"198",786711,786711,793754,"Species","Nonionellina labradorica","(Dawson, 1860)",113606,3,1,"Foraminifera","Rotaliida","Nonionidae","Nonionellina","Nonionellina labradorica","Globothalamea",NA,NA,"High Arctic Archipelago"
"199",786857,786857,651345,"Species","Oolina apiopleura","(Loeblich & Tappan, 1953)",113217,4,1,"Foraminifera","Lagenida","Ellipsolagenidae","Oolina","Oolina apiopleura","Foraminifera incertae sedis",NA,NA,"High Arctic Archipelago"
"200",787151,787151,775571,"Species","Paraheterorhabdus compactus","(Sars G.O., 1900)",254603,17,1,"Arthropoda","Calanoida","Heterorhabdidae","Paraheterorhabdus","Paraheterorhabdus compactus",NA,NA,NA,"High Arctic Archipelago"
"201",787854,787854,780577,"Species","Procerolagena gracilis","(Williamson, 1848)",399473,4,1,"Foraminifera","Lagenida","Lagenidae","Procerolagena","Procerolagena gracilis","Foraminifera incertae sedis",NA,NA,"High Arctic Archipelago"
"202",787855,787855,780577,"Species","Procerolagena mollis","(Cushman, 1944)",417803,2,1,"Foraminifera","Lagenida","Lagenidae","Procerolagena","Procerolagena mollis","Foraminifera incertae sedis",NA,NA,"High Arctic Archipelago"
"203",788227,788227,768237,"Species","Recurvoides turbinatus","(Brady, 1881)",114058,53,1,"Foraminifera","Lituolida","Ammosphaeroidinidae","Recurvoides","Recurvoides turbinatus","Globothalamea",NA,NA,"High Arctic Archipelago"
"204",788362,788362,793027,"Species","Robertinoides charlottensis","(Cushman, 1925)",113692,5,1,"Foraminifera","Robertinida","Robertinidae","Robertinoides","Robertinoides charlottensis","Globothalamea",NA,NA,"High Arctic Archipelago"
"205",789851,789851,794153,"Species","Verneuilinulla advena","(Cushman, 1922)",114376,3,1,"Foraminifera","Loftusiida","Globotextulariidae","Verneuilinulla","Verneuilinulla advena","Globothalamea",NA,NA,"High Arctic Archipelago"
"206",790071,790071,738303,"Phylum","Cnidaria","Verrill, 1865",1267,12,1,"Cnidaria",NA,NA,NA,NA,NA,NA,NA,"High Arctic Archipelago"
"207",794051,794051,1014640,"Genus","Nummoloculina","Steinmann, 1881",112030,8,1,"Foraminifera","Miliolida","Hauerinidae","Nummoloculina",NA,"Tubothalamea",NA,NA,"High Arctic Archipelago"
"208",794705,794705,428706,"Species","Cribrostomoides subglobosum","(Cushman, 1910)",254681,26,1,"Foraminifera","Lituolida","Ammosphaeroidinidae","Cribrostomoides","Cribrostomoides subglobosum","Globothalamea",NA,NA,"High Arctic Archipelago"
"209",794872,794872,432918,"Species","Dentalina pauperata","(d'Orbigny, 1846)",113523,2,1,"Foraminifera","Lagenida","Nodosariidae","Dentalina","Dentalina pauperata","Foraminifera incertae sedis",NA,NA,"High Arctic Archipelago"
"210",795055,795055,767556,"Species","Jaschnovia brevis","(Farran, 1936)",104322,4,1,"Arthropoda","Calanoida","Aetideidae","Jaschnovia","Jaschnovia brevis",NA,NA,NA,"High Arctic Archipelago"
"211",795776,795776,802725,"Species","Labrospira crassimargo","(Norman, 1892)",113957,39,1,"Foraminifera","Lituolida","Haplophragmoididae","Labrospira","Labrospira crassimargo","Globothalamea",NA,NA,"High Arctic Archipelago"
"212",796952,796952,803351,"Species","Planispirinoides bucculentus","(Brady, 1884)",112572,3,1,"Foraminifera","Miliolida","Miliolidae","Planispirinoides","Planispirinoides bucculentus","Tubothalamea",NA,NA,"High Arctic Archipelago"
"213",797080,797080,699093,"Species","Nucula zophos","A. H. Clarke, 1960",506641,1,1,"Mollusca","Nuculida","Nuculidae","Nucula","Nucula zophos","Bivalvia",NA,NA,"High Arctic Archipelago"
"214",797236,797236,778076,"Species","Oikopleura (Vexillaria) vanhoeffeni","Lohmann, 1896",103417,36,1,"Chordata","Copelata","Oikopleuridae","Oikopleura","Oikopleura (Vexillaria) vanhoeffeni","Appendicularia",NA,NA,"High Arctic Archipelago"
"215",797374,797374,753065,"Family","Hesionidae","Grube, 1850",946,1,1,"Annelida","Phyllodocida","Hesionidae",NA,NA,"Polychaeta",NA,NA,"High Arctic Archipelago"
"216",797417,797417,741070,"Species","Cassidulina teretis","Tappan, 1951",113085,34,1,"Foraminifera","Rotaliida","Cassidulinidae","Cassidulina","Cassidulina teretis","Globothalamea",NA,NA,"High Arctic Archipelago"
"217",797708,797708,802731,"Species","Atlantiella atlantica","(Parker, 1952)",114299,47,1,"Foraminifera","Lituolida","Trochamminidae","Atlantiella","Atlantiella atlantica","Globothalamea",NA,NA,"High Arctic Archipelago"
"218",798044,798044,440898,"Order","Decapoda","Latreille, 1802",1130,3,1,"Arthropoda","Decapoda",NA,NA,NA,"Malacostraca",NA,NA,"High Arctic Archipelago"
"219",800150,800150,740261,"Species","Buccella frigida","(Cushman, 1921)",113136,24,1,"Foraminifera","Rotaliida","Trichohyalidae","Buccella","Buccella frigida","Globothalamea",NA,NA,"High Arctic Archipelago"
"220",814883,814883,398635,"Species","Aetideopsis minor","(Wolfenden, 1911)",254600,9,1,"Arthropoda","Calanoida","Aetideidae","Aetideopsis","Aetideopsis minor",NA,NA,NA,"High Arctic Archipelago"
"221",815489,815489,757642,"Species","Pyrgulopsis milleri","Hershler & Liu",NA,1,1,"Mollusca","Littorinimorpha","Hydrobiidae","Pyrgulopsis","Pyrgulopsis milleri","Gastropoda",NA,NA,"High Arctic Archipelago"
"222",825612,825612,485946,"Species","Parafissurina tectulostoma","Loeblich & Tappan, 1953",113235,3,1,"Foraminifera","Lagenida","Ellipsolagenidae","Parafissurina","Parafissurina tectulostoma","Foraminifera incertae sedis",NA,NA,"High Arctic Archipelago"
"223",826332,826332,664046,"Species","Quinqueloculina arctica","Cushman, 1933",112613,1,1,"Foraminifera","Miliolida","Hauerinidae","Quinqueloculina","Quinqueloculina arctica","Tubothalamea",NA,NA,"High Arctic Archipelago"
"224",827033,827033,749218,"Species","Lagena flatulenta","Loeblich & Tappan, 1953",466143,5,1,"Foraminifera","Lagenida","Lagenidae","Lagena","Lagena flatulenta","Foraminifera incertae sedis",NA,NA,"High Arctic Archipelago"
"225",827341,827341,432918,"Species","Dentalina frobisherensis","Loeblich & Tappan, 1953",113518,6,1,"Foraminifera","Lagenida","Nodosariidae","Dentalina","Dentalina frobisherensis","Foraminifera incertae sedis",NA,NA,"High Arctic Archipelago"
"226",828487,828487,768163,"Species","Fursenkoina complanata","(Egger, 1893)",466392,31,1,"Foraminifera","Rotaliida","Fursenkoinidae","Fursenkoina","Fursenkoina complanata","Globothalamea",NA,NA,"High Arctic Archipelago"
"227",830306,830306,439883,"Species","Eponides tenerus","(Brady, 1884)",113357,1,1,"Foraminifera","Rotaliida","Eponididae","Eponides","Eponides tenerus",NA,NA,NA,"High Arctic Archipelago"
"228",830588,830588,485946,"Species","Parafissurina arctica","Green, 1959",113230,3,1,"Foraminifera","Lagenida","Ellipsolagenidae","Parafissurina","Parafissurina arctica","Foraminifera incertae sedis",NA,NA,"High Arctic Archipelago"
"229",830819,830819,603772,"Species","Astrorhiza arenaria","Carpenter in Norman, 1877",113840,6,1,"Foraminifera","Astrorhizida","Astrorhizidae","Astrorhiza","Astrorhiza arenaria","Monothalamea",NA,NA,"High Arctic Archipelago"
"230",830963,830963,768177,"Species","Favulina melo","(d'Orbigny, 1839)",113195,4,1,"Foraminifera","Lagenida","Ellipsolagenidae","Favulina","Favulina melo","Foraminifera incertae sedis",NA,NA,"High Arctic Archipelago"
"231",831239,831239,825638,"Species","Silicosigmoilina groenlandica","(Cushman) emend Loeblich & Tappan, 1953",578115,4,1,"Foraminifera","Miliolida","Miliamminidae","Silicosigmoilina","Silicosigmoilina groenlandica","Tubothalamea",NA,NA,"High Arctic Archipelago"
"232",831413,831413,559979,"Species","Valvulineria arctica","Green, 1959",112959,15,1,"Foraminifera","Rotaliida","Cancrisidae","Valvulineria","Valvulineria arctica","Globothalamea",NA,NA,"High Arctic Archipelago"
"233",831655,831655,623378,"Species","Elphidium bartletti","Cushman, 1933",113259,18,1,"Foraminifera","Rotaliida","Elphidiidae","Elphidium","Elphidium bartletti","Globothalamea",NA,NA,"High Arctic Archipelago"
"234",831871,831871,768198,"Species","Melonis zaandamae","(Van Voorthuysen, 1952)",113566,16,1,"Foraminifera","Rotaliida","Nonionidae","Melonis","Melonis zaandamae","Globothalamea",NA,NA,"High Arctic Archipelago"
"235",832402,832402,768169,"Species","Islandiella islandica","(Nørvang, 1945)",113094,31,1,"Foraminifera","Rotaliida","Cassidulinidae","Islandiella","Islandiella islandica","Globothalamea",NA,NA,"High Arctic Archipelago"
"236",832649,832649,768178,"Species","Haynesina orbiculare","(Brady, 1881)",113295,2,1,"Foraminifera","Rotaliida","Nonionidae","Haynesina","Haynesina orbiculare","Globothalamea",NA,NA,"High Arctic Archipelago"
"237",832678,832678,768166,"Species","Stetsonia horvathi","Green, 1959",113073,19,1,"Foraminifera","Rotaliida","Pseudoparrellidae","Stetsonia","Stetsonia horvathi","Globothalamea",NA,NA,"High Arctic Archipelago"
"238",NA,NA,NA,NA,NA,NA,NA,NA,NA,NA,NA,NA,NA,NA,NA,NA,NA,"High Arctic Archipelago"
"239",832930,832930,497220,"Subspecies","Pourtalesia jeffreysi lata","Mironov, 1995",423862,1,1,"Echinodermata","Holasteroida","Pourtalesiidae","Pourtalesia","Pourtalesia jeffreysi","Echinoidea",NA,NA,"High Arctic Archipelago"
"240",833298,829338,762041,"Species","Trochammina pusilla","Höglund, 1947",114357,37,1,"Foraminifera","Lituolida","Trochamminidae","Trochammina","Trochammina pusilla","Globothalamea",NA,NA,"High Arctic Archipelago"
"241",839031,839031,NA,NA,"Glandulactilis spetsbergensis","Carlgren, 1893",100842,1,1,NA,NA,NA,NA,NA,NA,NA,NA,"High Arctic Archipelago"
"242",839329,839329,749954,"Subspecies","Limnocalanus macrurus macrurus","Sars G.O., 1863",487770,11,1,"Arthropoda","Calanoida","Centropagidae","Limnocalanus","Limnocalanus macrurus",NA,NA,NA,"High Arctic Archipelago"
"243",843194,843194,505774,"Subspecies","Salvelinus alpinus alpinus","(Linnaeus, 1758)",293724,10,1,"Chordata","Salmoniformes","Salmonidae","Salvelinus","Salvelinus alpinus","Actinopteri",NA,NA,"High Arctic Archipelago"
"244",859879,859879,664046,"Species","Quinqueloculina seminula","(Linnaeus, 1758)",112674,6,1,"Foraminifera","Miliolida","Hauerinidae","Quinqueloculina","Quinqueloculina seminula","Tubothalamea",NA,NA,"High Arctic Archipelago"
"245",861060,861060,861492,"Species","Reussoolina laevis","(Montagu, 1803)",509125,2,1,"Foraminifera","Lagenida","Lagenidae","Reussoolina","Reussoolina laevis","Foraminifera incertae sedis",NA,NA,"High Arctic Archipelago"
"246",1009919,1009919,698302,"Species","Limatula subauriculata","(Montagu, 1803) <i>sensu</i> Habe, 1958",540331,1,1,"Mollusca","Limoida","Limidae","Limatula","Limatula subauriculata","Bivalvia",NA,NA,"High Arctic Archipelago"
"247",1010342,1010342,843729,"Species","Vulpes lagopus","(Linnaeus, 1758)",404130,1,1,"Chordata","Carnivora","Canidae","Vulpes","Vulpes lagopus","Mammalia",TRUE,"LC","High Arctic Archipelago"
"248",1010431,1010431,830100,"Species","Palliolatella bradii","(Silvestri, 1902)",490023,3,1,"Foraminifera","Lagenida","Ellipsolagenidae","Palliolatella","Palliolatella bradii","Foraminifera incertae sedis",NA,NA,"High Arctic Archipelago"
"249",1011803,1011803,664046,"Species","Quinqueloculina sadkovi","(Shchedrina, 1946)",112670,9,1,"Foraminifera","Miliolida","Hauerinidae","Quinqueloculina","Quinqueloculina sadkovi","Tubothalamea",NA,NA,"High Arctic Archipelago"
"250",1016112,1016112,410825,"Species","Bathysiphon rufum","de Folin, 1886",528221,7,1,"Foraminifera","Astrorhizida","Rhabdamminidae","Bathysiphon","Bathysiphon rufum","Monothalamea",NA,NA,"High Arctic Archipelago"
"251",1017623,1017623,768193,"Species","Laevidentalina baggi","(Galloway & Wissler, 1927)",723205,2,1,"Foraminifera","Lagenida","Nodosariidae","Laevidentalina","Laevidentalina baggi","Foraminifera incertae sedis",NA,NA,"High Arctic Archipelago"
"252",1019331,1019331,861473,"Species","Hyalinonetrion gracillima","(Seguenza, 1862)",466138,5,1,"Foraminifera","Lagenida","Lagenidae","Hyalinonetrion","Hyalinonetrion gracillima","Foraminifera incertae sedis",NA,NA,"High Arctic Archipelago"
"253",1019332,1019332,780577,"Species","Procerolagena meridionalis","(Wiesner, 1931)",466179,1,1,"Foraminifera","Lagenida","Lagenidae","Procerolagena","Procerolagena meridionalis","Foraminifera incertae sedis",NA,NA,"High Arctic Archipelago"
"254",1019334,1019334,793617,"Species","Cushmanina plumigera","(Brady, 1881)",710357,2,1,"Foraminifera","Lagenida","Ellipsolagenidae","Cushmanina","Cushmanina plumigera","Foraminifera incertae sedis",NA,NA,"High Arctic Archipelago"
"255",1019764,1019764,769222,"Species","Atrophia glacialis","(Sars G.O., 1900)",346121,3,1,"Arthropoda","Poecilostomatoida","Lubbockiidae","Atrophia","Atrophia glacialis",NA,NA,NA,"High Arctic Archipelago"
"256",1019992,1019992,643351,"Species","Melinnopsis annenkovae","(Ushakov, 1952)",731428,1,1,"Annelida","Terebellida","Ampharetidae","Melinnopsis","Melinnopsis annenkovae","Polychaeta",NA,NA,"High Arctic Archipelago"
"257",1021565,1021565,805270,"Species","Peosidrilus simplidentatus","(Erséus, 1979)",476041,3,1,"Annelida","Haplotaxida","Tubificidae","Peosidrilus","Peosidrilus simplidentatus","Clitellata",NA,NA,"High Arctic Archipelago"
"258",1022406,1022406,768233,"Species","Hormosinella gracilis","(Earland, 1933)",581982,1,1,"Foraminifera","Lituolida","Hormosinellidae","Hormosinella","Hormosinella gracilis","Globothalamea",NA,NA,"High Arctic Archipelago"
"259",1023559,1023559,761277,"Species","Tharybis groenlandica","(Tupitzky, 1982)",362051,10,1,"Arthropoda","Calanoida","Tharybidae","Tharybis","Tharybis groenlandica",NA,NA,NA,"High Arctic Archipelago"
"260",1023784,1023785,768253,"Species","Tritaxis bullata","(Hoglund, 1947)",582811,47,1,"Foraminifera","Lituolida","Trochamminidae","Tritaxis","Tritaxis bullata","Globothalamea",NA,NA,"High Arctic Archipelago"
"261",1024633,1024633,861492,"Species","Reussoolina apiculata","(Reuss, 1850)",760034,7,1,"Foraminifera","Lagenida","Lagenidae","Reussoolina","Reussoolina apiculata","Foraminifera incertae sedis",NA,NA,"High Arctic Archipelago"
"262",1030911,1030911,485946,"Species","Parafissurina ventricosa","(Silvestri, 1904)",466308,2,1,"Foraminifera","Lagenida","Ellipsolagenidae","Parafissurina","Parafissurina ventricosa","Foraminifera incertae sedis",NA,NA,"High Arctic Archipelago"
"263",1033864,1033864,833084,"Species","Cribromiliolinella ericsoni","(Loeblich & Tappan, 1957)",849272,2,1,"Foraminifera","Miliolida","Hauerinidae","Cribromiliolinella","Cribromiliolinella ericsoni","Tubothalamea",NA,NA,"High Arctic Archipelago"
"264",1037415,1037415,1037416,"Species","Chauvinelia arctica","Averincev, 1980",327431,1,1,"Annelida","Terebellida","Acrocirridae","Chauvinelia","Chauvinelia arctica","Polychaeta",NA,NA,"High Arctic Archipelago"
"265",1046164,1046164,1046165,"Species","Pauline nivisis","Perrier, Siveter, Williams & Lane, 2014",876786,1,1,"Arthropoda","Myodocopida","Cylindroleberididae","Pauline","Pauline nivisis","Ostracoda",NA,NA,"High Arctic Archipelago"
