"","id","valid_id","parent_id","rank_name","tname","tauthor","worms_id","records","datasets","phylum","class","order","family","genus","redlist","status","species","hab","gisd","ecoregion"
"1",396290,396290,405225,"Subclass","Acari","Leach, 1817",292684,1,1,"Arthropoda","Arachnida",NA,NA,NA,NA,NA,NA,NA,NA,"Lancaster Sound"
"2",398644,398644,398634,"Genus","Aetideus","Brady, 1883",104112,32,2,"Arthropoda",NA,"Calanoida","Aetideidae","Aetideus",NA,NA,NA,NA,NA,"Lancaster Sound"
"3",399583,399583,769789,"Species","Alle alle","(Linnaeus, 1758)",137129,164,3,"Chordata","Aves","Charadriiformes","Alcidae","Alle",TRUE,"LC","Alle alle",NA,NA,"Lancaster Sound"
"4",401369,401369,401367,"Species","Amphiporus angulatus","(Müller, 1774)",122645,1,1,"Nemertea","Enopla","Monostilifera","Amphiporidae","Amphiporus",NA,NA,"Amphiporus angulatus",NA,NA,"Lancaster Sound"
"5",405685,405685,405684,"Species","Arctogadus borisovi","Dryagin, 1932",272297,1,1,"Chordata","Actinopteri","Gadiformes","Gadidae","Arctogadus",NA,NA,"Arctogadus borisovi",NA,NA,"Lancaster Sound"
"6",405686,405686,405684,"Species","Arctogadus glacialis","(Peters, 1872)",126432,24,3,"Chordata","Actinopteri","Gadiformes","Gadidae","Arctogadus",NA,NA,"Arctogadus glacialis",NA,NA,"Lancaster Sound"
"7",406449,406449,406448,"Species","Artediellus atlanticus","Jordan & Evermann, 1898",127193,1,1,"Chordata","Actinopteri","Scorpaeniformes","Cottidae","Artediellus",NA,NA,"Artediellus atlanticus",NA,NA,"Lancaster Sound"
"8",406459,406459,406448,"Species","Artediellus scaber","Knipowitsch, 1907",127194,2,2,"Chordata","Actinopteri","Scorpaeniformes","Cottidae","Artediellus",NA,NA,"Artediellus scaber",NA,NA,"Lancaster Sound"
"9",406460,406460,406448,"Species","Artediellus uncinatus","(Reinhardt, 1834)",127195,45,3,"Chordata","Actinopteri","Scorpaeniformes","Cottidae","Artediellus",NA,NA,"Artediellus uncinatus",NA,NA,"Lancaster Sound"
"10",409229,409229,769778,"Species","Balaena mysticetus","Linnaeus, 1758",137086,9,1,"Chordata","Mammalia","Cetartiodactyla","Balaenidae","Balaena",TRUE,"LC","Balaena mysticetus",NA,NA,"Lancaster Sound"
"11",411441,411441,606283,"Species","Beroe cucumis","Fabricius, 1780",106358,4,3,"Ctenophora","Nuda","Beroida","Beroidae","Beroe",NA,NA,"Beroe cucumis",NA,NA,"Lancaster Sound"
"12",412369,412369,696016,"Species","Boreomysis arctica","(Krøyer, 1861)",119962,6,2,"Arthropoda","Malacostraca","Mysida","Mysidae","Boreomysis",NA,NA,"Boreomysis arctica",NA,NA,"Lancaster Sound"
"13",412423,412423,769126,"Species","Boroecia borealis","(Sars, 1866)",127766,26,2,"Arthropoda","Ostracoda","Halocyprida","Halocyprididae","Boroecia",NA,NA,"Boroecia borealis",NA,NA,"Lancaster Sound"
"14",413540,413540,413521,"Species","Buccinum undatum","Linnaeus, 1758",138878,1,1,"Mollusca","Gastropoda","Neogastropoda","Buccinidae","Buccinum",NA,NA,"Buccinum undatum",NA,NA,"Lancaster Sound"
"15",414462,414462,414431,"Genus","Calanus","Leach, 1816",104152,91,5,"Arthropoda",NA,"Calanoida","Calanidae","Calanus",NA,NA,NA,NA,NA,"Lancaster Sound"
"16",414468,414468,414462,"Species","Calanus finmarchicus","(Gunnerus, 1770)",104464,168,4,"Arthropoda",NA,"Calanoida","Calanidae","Calanus",NA,NA,"Calanus finmarchicus",NA,NA,"Lancaster Sound"
"17",414600,414600,414599,"Species","Calidris alba","(Pallas, 1764)",159084,1,1,"Chordata","Aves","Charadriiformes","Scolopacidae","Calidris",TRUE,"LC","Calidris alba",NA,NA,"Lancaster Sound"
"18",414602,414602,414599,"Species","Calidris bairdii","(Coues, 1861)",159048,2,1,"Chordata","Aves","Charadriiformes","Scolopacidae","Calidris",TRUE,"LC","Calidris bairdii",NA,NA,"Lancaster Sound"
"19",414605,414605,414599,"Species","Calidris fuscicollis","(Vieillot, 1819)",159050,1,1,"Chordata","Aves","Charadriiformes","Scolopacidae","Calidris",TRUE,"LC","Calidris fuscicollis",NA,NA,"Lancaster Sound"
"20",414607,414607,414599,"Species","Calidris maritima","(Brünnich, 1764)",159052,1,1,"Chordata","Aves","Charadriiformes","Scolopacidae","Calidris",TRUE,"LC","Calidris maritima",NA,NA,"Lancaster Sound"
"21",415611,415611,415609,"Species","Calycella syringa","(Linnaeus, 1767)",117402,2,1,"Cnidaria","Hydrozoa","Leptothecata","Campanulinidae","Calycella",NA,NA,"Calycella syringa",NA,NA,"Lancaster Sound"
"22",417030,417030,696262,"Species","Careproctus reinhardti","(Krøyer, 1862)",127212,3,3,"Chordata","Actinopteri","Scorpaeniformes","Liparidae","Careproctus",NA,NA,"Careproctus reinhardti",NA,NA,"Lancaster Sound"
"23",417468,417468,754418,"Genus","Catablema","Haeckel, 1879",117180,4,1,"Cnidaria","Hydrozoa","Anthoathecata","Pandeidae","Catablema",NA,NA,NA,NA,NA,"Lancaster Sound"
"24",418442,418442,752044,"Class","Cephalopoda","Cuvier, 1795",11707,1,1,"Mollusca","Cephalopoda",NA,NA,NA,NA,NA,NA,NA,NA,"Lancaster Sound"
"25",418484,418484,737619,"Genus","Cepphus","Pallas, 1769",137038,1,1,"Chordata","Aves","Charadriiformes","Alcidae","Cepphus",NA,NA,NA,NA,NA,"Lancaster Sound"
"26",418487,418487,418484,"Species","Cepphus grylle","(Linnaeus, 1758)",137130,398,2,"Chordata","Aves","Charadriiformes","Alcidae","Cepphus",TRUE,"LC","Cepphus grylle",NA,NA,"Lancaster Sound"
"27",420006,420006,742089,"Genus","Chaetozone","Malmgren, 1867",129242,1,1,"Annelida","Polychaeta","Terebellida","Cirratulidae","Chaetozone",NA,NA,NA,NA,NA,"Lancaster Sound"
"28",421217,421217,398634,"Genus","Chiridius","Giesbrecht, 1893",104117,5,1,"Arthropoda",NA,"Calanoida","Aetideidae","Chiridius",NA,NA,NA,NA,NA,"Lancaster Sound"
"29",423473,423473,857451,"Species","Clangula hyemalis","(Linnaeus, 1758)",137071,9,1,"Chordata","Aves","Anseriformes","Anatidae","Clangula",TRUE,"VU","Clangula hyemalis",NA,NA,"Lancaster Sound"
"30",424077,424077,424098,"Genus","Clione","Pallas, 1774",137793,42,3,"Mollusca","Gastropoda","Gymnosomata","Clionidae","Clione",NA,NA,NA,NA,NA,"Lancaster Sound"
"31",424079,424079,424077,"Species","Clione limacina","(Phipps, 1774)",139178,64,7,"Mollusca","Gastropoda","Gymnosomata","Clionidae","Clione",NA,NA,"Clione limacina",NA,NA,"Lancaster Sound"
"32",426861,426861,742909,"Species","Coregonus artedi","Lesueur, 1818",158725,4,1,"Chordata","Actinopteri","Salmoniformes","Salmonidae","Coregonus",TRUE,"LR/lc","Coregonus artedi",NA,NA,"Lancaster Sound"
"33",426878,426878,742909,"Species","Coregonus sardinella","Valenciennes, 1848",127181,7,1,"Chordata","Actinopteri","Salmoniformes","Salmonidae","Coregonus",TRUE,"LC","Coregonus sardinella",NA,NA,"Lancaster Sound"
"34",428098,428098,617179,"Species","Cottunculus microps","Collett, 1875",127235,1,1,"Chordata","Actinopteri","Scorpaeniformes","Psychrolutidae","Cottunculus",NA,NA,"Cottunculus microps",NA,NA,"Lancaster Sound"
"35",428222,428222,428223,"Family","Crangonidae","Haworth, 1825",106782,1,1,"Arthropoda","Malacostraca","Decapoda","Crangonidae",NA,NA,NA,NA,NA,NA,"Lancaster Sound"
"36",429416,429416,429413,"Species","Ctenodiscus crispatus","(Retzius, 1805)",123915,1,1,"Echinodermata","Asteroidea","Paxillosida","Ctenodiscidae","Ctenodiscus",NA,NA,"Ctenodiscus crispatus",NA,NA,"Lancaster Sound"
"37",430240,430240,743548,"Genus","Cyclopina","Claus, 1863",106437,7,3,"Arthropoda",NA,"Cyclopoida","Cyclopinidae","Cyclopina",NA,NA,NA,NA,NA,"Lancaster Sound"
"38",430251,430251,771530,"Order","Cyclopoida","Burmeister, 1834",1101,25,4,"Arthropoda",NA,"Cyclopoida",NA,NA,NA,NA,NA,NA,NA,"Lancaster Sound"
"39",430276,430276,769071,"Species","Cyclopteropsis jordani","Soldatov, 1929",274488,3,2,"Chordata","Actinopteri","Scorpaeniformes","Cyclopteridae","Cyclopteropsis",NA,NA,"Cyclopteropsis jordani",NA,NA,"Lancaster Sound"
"40",431603,431603,773068,"Species","Cystophora cristata","(Erxleben, 1777)",137078,8,3,"Chordata","Mammalia","Carnivora","Phocidae","Cystophora",TRUE,"VU","Cystophora cristata",NA,NA,"Lancaster Sound"
"41",432114,432114,770691,"Genus","Daphnia","O.F. Müller, 1785",148370,2,1,"Arthropoda","Branchiopoda","Diplostraca","Daphniidae","Daphnia",NA,NA,NA,NA,NA,"Lancaster Sound"
"42",432569,432569,769784,"Species","Delphinapterus leucas","(Pallas, 1776)",137115,9,2,"Chordata","Mammalia","Cetartiodactyla","Monodontidae","Delphinapterus",TRUE,"NT","Delphinapterus leucas",NA,NA,"Lancaster Sound"
"43",434436,434436,434435,"Species","Dimophyes arctica","(Chun, 1897)",135418,18,3,"Cnidaria","Hydrozoa","Siphonophorae","Diphyidae","Dimophyes",NA,NA,"Dimophyes arctica",NA,NA,"Lancaster Sound"
"44",434858,434858,434855,"Species","Diplocirrus hirsutus","(Hansen, 1878)",130101,1,1,"Annelida","Polychaeta","Terebellida","Flabelligeridae","Diplocirrus",NA,NA,"Diplocirrus hirsutus",NA,NA,"Lancaster Sound"
"45",435440,435440,744589,"Species","Discoconchoecia elegans","(Sars, 1866)",127782,38,2,"Arthropoda","Ostracoda","Halocyprida","Halocyprididae","Discoconchoecia",NA,NA,"Discoconchoecia elegans",NA,NA,"Lancaster Sound"
"46",439372,439372,774698,"Species","Epigamia alexandri","(Malmgren, 1867)",238180,2,1,"Annelida","Polychaeta","Phyllodocida","Syllidae","Epigamia",NA,NA,"Epigamia alexandri",NA,NA,"Lancaster Sound"
"47",440039,440039,769774,"Species","Erignathus barbatus","(Erxleben, 1777)",137079,44,3,"Chordata","Mammalia","Carnivora","Phocidae","Erignathus",TRUE,"LC","Erignathus barbatus",NA,NA,"Lancaster Sound"
"48",441524,441524,697424,"Species","Eukrohnia hamata","(Möbius, 1875)",105416,75,5,"Chaetognatha","Sagittoidea","Phragmophora","Eukrohniidae","Eukrohnia",NA,NA,"Eukrohnia hamata",NA,NA,"Lancaster Sound"
"49",441682,441682,441667,"Species","Eumicrotremus spinosus","(Fabricius, 1776)",127217,15,2,"Chordata","Actinopteri","Scorpaeniformes","Cyclopteridae","Eumicrotremus",NA,NA,"Eumicrotremus spinosus",NA,NA,"Lancaster Sound"
"50",441876,441876,441872,"Species","Eunoe nodosa","(M. Sars, 1861)",130745,7,2,"Annelida","Polychaeta","Phyllodocida","Polynoidae","Eunoe",NA,NA,"Eunoe nodosa",NA,NA,"Lancaster Sound"
"51",442026,442026,625824,"Family","Euphausiidae","Dana, 1852",110671,4,2,"Arthropoda","Malacostraca","Euphausiacea","Euphausiidae",NA,NA,NA,NA,NA,NA,"Lancaster Sound"
"52",442548,442548,626176,"Species","Eusirus holmi","Hansen, 1887",102200,1,1,"Arthropoda","Malacostraca","Amphipoda","Eusiridae","Eusirus",NA,NA,"Eusirus holmi",NA,NA,"Lancaster Sound"
"53",442725,442725,780600,"Genus","Euterpina","Norman, 1903",115348,3,1,"Arthropoda",NA,"Harpacticoida","Tachidiidae","Euterpina",NA,NA,NA,NA,NA,"Lancaster Sound"
"54",443979,443979,746291,"Genus","Flabelligera","Sars, 1829",129291,3,1,"Annelida","Polychaeta","Terebellida","Flabelligeridae","Flabelligera",NA,NA,NA,NA,NA,"Lancaster Sound"
"55",443980,443980,443979,"Species","Flabelligera affinis","M. Sars, 1829",130103,1,1,"Annelida","Polychaeta","Terebellida","Flabelligeridae","Flabelligera",NA,NA,"Flabelligera affinis",NA,NA,"Lancaster Sound"
"56",444548,444548,697530,"Species","Fritillaria borealis","Lohmann, 1896",103375,51,3,"Chordata","Appendicularia","Copelata","Fritillariidae","Fritillaria",NA,NA,"Fritillaria borealis",NA,NA,"Lancaster Sound"
"57",444663,444663,756904,"Genus","Fulmarus","Stephens, 1826",137063,3,1,"Chordata","Aves","Procellariiformes","Procellariidae","Fulmarus",NA,NA,NA,NA,NA,"Lancaster Sound"
"58",444664,444664,444663,"Species","Fulmarus glacialis","(Linnaeus, 1761)",137195,2686,4,"Chordata","Aves","Procellariiformes","Procellariidae","Fulmarus",TRUE,"LC","Fulmarus glacialis",NA,NA,"Lancaster Sound"
"59",445092,445092,627892,"Genus","Gadus","Linnaeus, 1758",125732,64,2,"Chordata","Actinopteri","Gadiformes","Gadidae","Gadus",NA,NA,NA,NA,NA,"Lancaster Sound"
"60",445695,445695,445694,"Subspecies","Gasterosteus aculeatus aculeatus","Linnaeus, 1758",236462,1,1,"Chordata","Actinopteri","Gasterosteiformes","Gasterosteidae","Gasterosteus",NA,NA,"Gasterosteus aculeatus",NA,NA,"Lancaster Sound"
"61",445856,445856,746660,"Species","Gavia stellata","(Pontoppidan, 1763)",137188,1,1,"Chordata","Aves","Gaviiformes","Gaviidae","Gavia",TRUE,"LC","Gavia stellata",NA,NA,"Lancaster Sound"
"62",447023,447023,447015,"Species","Glycera capitata","Örsted, 1843",130118,2,1,"Annelida","Polychaeta","Phyllodocida","Glyceridae","Glycera",NA,NA,"Glycera capitata",NA,NA,"Lancaster Sound"
"63",448466,448466,448465,"Species","Gorgonocephalus arcticus","Leach, 1819",124966,6,3,"Echinodermata","Ophiuroidea","Euryalida","Gorgonocephalidae","Gorgonocephalus",NA,NA,"Gorgonocephalus arcticus",NA,NA,"Lancaster Sound"
"64",449270,449270,747290,"Species","Gymnelus retrodorsalis","Le Danois, 1913",127095,2,2,"Chordata","Actinopteri","Perciformes","Zoarcidae","Gymnelus",NA,NA,"Gymnelus retrodorsalis",NA,NA,"Lancaster Sound"
"65",449271,449271,747290,"Species","Gymnelus viridis","(Fabricius, 1780)",127096,107,5,"Chordata","Actinopteri","Perciformes","Zoarcidae","Gymnelus",NA,NA,"Gymnelus viridis",NA,NA,"Lancaster Sound"
"66",449321,449321,743064,"Genus","Gymnocanthus","Swainson, 1839",126149,1,1,"Chordata","Actinopteri","Scorpaeniformes","Cottidae","Gymnocanthus",NA,NA,NA,NA,NA,"Lancaster Sound"
"67",449327,449327,449321,"Species","Gymnocanthus tricuspis","(Reinhardt, 1830)",127198,35,6,"Chordata","Actinopteri","Scorpaeniformes","Cottidae","Gymnocanthus",NA,NA,"Gymnocanthus tricuspis",NA,NA,"Lancaster Sound"
"68",450865,450865,767410,"Species","Halirages fulvocinctus","(M. Sars, 1858)",158096,1,1,"Arthropoda","Malacostraca","Amphipoda","Calliopiidae","Halirages",NA,NA,"Halirages fulvocinctus",NA,NA,"Lancaster Sound"
"69",450895,450895,754418,"Genus","Halitholus","Hartlaub, 1914",117182,1,1,"Cnidaria","Hydrozoa","Anthoathecata","Pandeidae","Halitholus",NA,NA,NA,NA,NA,"Lancaster Sound"
"70",451633,451633,631911,"Species","Harmothoe imbricata","(Linnaeus, 1767)",130769,33,2,"Annelida","Polychaeta","Phyllodocida","Polynoidae","Harmothoe",NA,NA,"Harmothoe imbricata",NA,NA,"Lancaster Sound"
"71",451684,451684,771530,"Order","Harpacticoida","Sars M., 1903",1102,22,4,"Arthropoda",NA,"Harpacticoida",NA,NA,NA,NA,NA,NA,NA,"Lancaster Sound"
"72",451694,451694,747734,"Species","Harpacticus superflexus","Willey, 1920",247786,39,3,"Arthropoda",NA,"Harpacticoida","Harpacticidae","Harpacticus",NA,NA,"Harpacticus superflexus",NA,NA,"Lancaster Sound"
"73",452220,452220,768810,"Species","Heliometra glacialis","(Owen, 1833 ex Leach MS)",124223,1,1,"Echinodermata","Crinoidea","Comatulida","Antedonidae","Heliometra",NA,NA,"Heliometra glacialis",NA,NA,"Lancaster Sound"
"74",453656,453656,748130,"Genus","Heterorhabdus","Giesbrecht, 1898",104178,4,2,"Arthropoda",NA,"Calanoida","Heterorhabdidae","Heterorhabdus",NA,NA,NA,NA,NA,"Lancaster Sound"
"75",453665,453665,453656,"Species","Heterorhabdus norvegicus","(Boeck, 1872)",104579,11,3,"Arthropoda",NA,"Calanoida","Heterorhabdidae","Heterorhabdus",NA,NA,"Heterorhabdus norvegicus",NA,NA,"Lancaster Sound"
"76",455154,455154,455137,"Species","Hormathia nodosa","(Fabricius, 1780)",100954,2,2,"Cnidaria","Anthozoa","Actiniaria","Hormathiidae","Hormathia",NA,NA,"Hormathia nodosa",NA,NA,"Lancaster Sound"
"77",455853,455853,634657,"Species","Hymenaster pellucidus","Thomson, 1873",124135,1,1,"Echinodermata","Asteroidea","Velatida","Pterasteridae","Hymenaster",NA,NA,"Hymenaster pellucidus",NA,NA,"Lancaster Sound"
"78",456612,456612,635142,"Species","Icelus spatula","Gilbert & Burke, 1912",127200,66,5,"Chordata","Actinopteri","Scorpaeniformes","Cottidae","Icelus",NA,NA,"Icelus spatula",NA,NA,"Lancaster Sound"
"79",460223,460223,749351,"Genus","Larus","Linnaeus, 1758",137043,5,2,"Chordata","Aves","Charadriiformes","Laridae","Larus",NA,NA,NA,NA,NA,"Lancaster Sound"
"80",460224,460224,460223,"Species","Larus argentatus","Pontoppidan, 1763",137138,6,3,"Chordata","Aves","Charadriiformes","Laridae","Larus",TRUE,"LC","Larus argentatus",NA,NA,"Lancaster Sound"
"81",460245,460245,460223,"Species","Larus glaucoides","Meyer, 1822",137144,1,1,"Chordata","Aves","Charadriiformes","Laridae","Larus",TRUE,"LC","Larus glaucoides",NA,NA,"Lancaster Sound"
"82",460246,460246,460245,"Subspecies","Larus glaucoides glaucoides","Meyer, 1822",159075,10,1,"Chordata","Aves","Charadriiformes","Laridae","Larus",NA,NA,"Larus glaucoides",NA,NA,"Lancaster Sound"
"83",460247,460247,460245,"Subspecies","Larus glaucoides kumlieni","Brewster, 1883",232051,2,1,"Chordata","Aves","Charadriiformes","Laridae","Larus",NA,NA,"Larus glaucoides",NA,NA,"Lancaster Sound"
"84",460271,460271,460223,"Species","Larus thayeri","Brooks, 1915",343922,126,2,"Chordata","Aves","Charadriiformes","Laridae","Larus",TRUE,"LC","Larus thayeri",NA,NA,"Lancaster Sound"
"85",460662,460662,460655,"Species","Lebbeus polaris","(Sabine, 1824)",107521,2,1,"Arthropoda","Malacostraca","Decapoda","Thoridae","Lebbeus",NA,NA,"Lebbeus polaris",NA,NA,"Lancaster Sound"
"86",461739,461739,461734,"Species","Leptasterias littoralis","(Stimpson, 1853)",158493,8,1,"Echinodermata","Asteroidea","Forcipulatida","Asteriidae","Leptasterias",NA,NA,"Leptasterias littoralis",NA,NA,"Lancaster Sound"
"87",461955,461955,769057,"Species","Leptoclinus maculatus","(Fries, 1838)",127072,2,2,"Chordata","Actinopteri","Perciformes","Stichaeidae","Leptoclinus",NA,NA,"Leptoclinus maculatus",NA,NA,"Lancaster Sound"
"88",462699,462699,698274,"Species","Leuckartiara nobilis","Hartlaub, 1914",117790,1,1,"Cnidaria","Hydrozoa","Anthoathecata","Pandeidae","Leuckartiara",NA,NA,"Leuckartiara nobilis",NA,NA,"Lancaster Sound"
"89",463319,463319,639276,"Species","Limacina helicina","(Phipps, 1774)",140223,169,7,"Mollusca","Gastropoda","Thecosomata","Limacinidae","Limacina",NA,NA,"Limacina helicina",NA,NA,"Lancaster Sound"
"90",463791,463791,463790,"Species","Liocyma fluctuosa","(Gould, 1841)",141918,1,1,"Mollusca","Bivalvia","Veneroida","Veneridae","Liocyma",NA,NA,"Liocyma fluctuosa",NA,NA,"Lancaster Sound"
"91",463907,463907,639640,"Species","Liparis atlanticus","(Jordan & Evermann, 1898)",159524,3,3,"Chordata","Actinopteri","Scorpaeniformes","Liparidae","Liparis",NA,NA,"Liparis atlanticus",NA,NA,"Lancaster Sound"
"92",463916,463916,639640,"Species","Liparis fabricii","Krøyer, 1847",127218,23,7,"Chordata","Actinopteri","Scorpaeniformes","Liparidae","Liparis",NA,NA,"Liparis fabricii",NA,NA,"Lancaster Sound"
"93",463921,463921,639640,"Species","Liparis gibbus","Bean, 1881",159526,9,6,"Chordata","Actinopteri","Scorpaeniformes","Liparidae","Liparis",NA,NA,"Liparis gibbus",NA,NA,"Lancaster Sound"
"94",465614,465614,465612,"Species","Lumpenus fabricii","Reinhardt, 1836",127073,1,1,"Chordata","Actinopteri","Perciformes","Stichaeidae","Lumpenus",NA,NA,"Lumpenus fabricii",NA,NA,"Lancaster Sound"
"95",465967,465967,641012,"Species","Lycodes mucosus","Richardson, 1855",254584,48,5,"Chordata","Actinopteri","Perciformes","Zoarcidae","Lycodes",NA,NA,"Lycodes mucosus",NA,NA,"Lancaster Sound"
"96",465982,465982,641012,"Species","Lycodes reticulatus","Reinhardt, 1835",127112,6,5,"Chordata","Actinopteri","Perciformes","Zoarcidae","Lycodes",NA,NA,"Lycodes reticulatus",NA,NA,"Lancaster Sound"
"97",465986,465986,641012,"Species","Lycodes seminudus","Reinhardt, 1837",127115,2,1,"Chordata","Actinopteri","Perciformes","Zoarcidae","Lycodes",NA,NA,"Lycodes seminudus",NA,NA,"Lancaster Sound"
"98",467641,467641,467637,"Species","Maldane sarsi","Malmgren, 1865",130305,1,1,"Annelida","Polychaeta",NA,"Maldanidae","Maldane",NA,NA,"Maldane sarsi",NA,NA,"Lancaster Sound"
"99",467703,467703,769003,"Species","Mallotus villosus","(Müller, 1776)",126735,1,1,"Chordata","Actinopteri","Osmeriformes","Osmeridae","Mallotus",NA,NA,"Mallotus villosus",NA,NA,"Lancaster Sound"
"100",469276,469276,469274,"Species","Melanitta fusca","(Linnaeus, 1758)",137072,1,1,"Chordata","Aves","Anseriformes","Anatidae","Melanitta",TRUE,"EN","Melanitta fusca",NA,NA,"Lancaster Sound"
"101",470724,470724,751674,"Genus","Metridia","Boeck, 1865",104190,692,3,"Arthropoda",NA,"Calanoida","Metridinidae","Metridia",NA,NA,NA,NA,NA,"Lancaster Sound"
"102",470732,470732,470724,"Species","Metridia longa","(Lubbock, 1854)",104632,441,7,"Arthropoda",NA,"Calanoida","Metridinidae","Metridia",NA,NA,"Metridia longa",NA,NA,"Lancaster Sound"
"103",470922,470922,423702,"Genus","Microcalanus","Sars G.O., 1903",104164,241,5,"Arthropoda",NA,"Calanoida","Clausocalanidae","Microcalanus",NA,NA,NA,NA,NA,"Lancaster Sound"
"104",471306,471306,471305,"Species","Micronephthys minuta","(Théel, 1879)",130348,4,1,"Annelida","Polychaeta","Phyllodocida","Nephtyidae","Micronephthys",NA,NA,"Micronephthys minuta",NA,NA,"Lancaster Sound"
"105",471491,471491,644603,"Species","Microsetella norvegica","(Boeck, 1865)",116115,1,1,"Arthropoda",NA,"Harpacticoida","Ectinosomatidae","Microsetella",NA,NA,"Microsetella norvegica",NA,NA,"Lancaster Sound"
"106",471714,471714,471710,"Species","Mimocalanus nudus","Farran, 1908",104841,2,1,"Arthropoda",NA,"Calanoida","Spinocalanidae","Mimocalanus",NA,NA,"Mimocalanus nudus",NA,NA,"Lancaster Sound"
"107",472450,472450,472482,"Genus","Molpadia","Cuvier, 1817",123540,1,1,"Echinodermata","Holothuroidea","Molpadida","Molpadiidae","Molpadia",NA,NA,NA,NA,NA,"Lancaster Sound"
"108",474445,474445,752435,"Species","Myoxocephalus quadricornis","(Linnaeus, 1758)",254529,65,5,"Chordata","Actinopteri","Scorpaeniformes","Cottidae","Myoxocephalus",NA,NA,"Myoxocephalus quadricornis",NA,NA,"Lancaster Sound"
"109",474446,474446,752435,"Species","Myoxocephalus scorpioides","(Fabricius, 1780)",127202,8,3,"Chordata","Actinopteri","Scorpaeniformes","Cottidae","Myoxocephalus",NA,NA,"Myoxocephalus scorpioides",NA,NA,"Lancaster Sound"
"110",474447,474447,752435,"Species","Myoxocephalus scorpius","(Linnaeus, 1758)",127203,80,6,"Chordata","Actinopteri","Scorpaeniformes","Cottidae","Myoxocephalus",NA,NA,"Myoxocephalus scorpius",NA,NA,"Lancaster Sound"
"111",474708,474708,489355,"Order","Mysida","Boas, 1883",149668,28,2,"Arthropoda","Malacostraca","Mysida",NA,NA,NA,NA,NA,NA,NA,"Lancaster Sound"
"112",477641,477641,753038,"Genus","Nephtys","Cuvier, 1817",129370,1,1,"Annelida","Polychaeta","Phyllodocida","Nephtyidae","Nephtys",NA,NA,NA,NA,NA,"Lancaster Sound"
"113",477757,477757,477756,"Species","Nereiphylla castanea","(Marenzeller, 1879)",334162,1,1,"Annelida","Polychaeta","Phyllodocida","Phyllodocidae","Nereiphylla",NA,NA,"Nereiphylla castanea",NA,NA,"Lancaster Sound"
"114",478274,478274,478266,"Species","Nicolea zostericola","Örsted, 1844",131508,6,1,"Annelida","Polychaeta","Terebellida","Terebellidae","Nicolea",NA,NA,"Nicolea zostericola",NA,NA,"Lancaster Sound"
"115",479684,479684,479655,"Species","Nymphon longitarse","Krøyer, 1844",134696,1,1,"Arthropoda","Pycnogonida","Pantopoda","Nymphonidae","Nymphon",NA,NA,"Nymphon longitarse",NA,NA,"Lancaster Sound"
"116",479700,479700,479655,"Species","Nymphon sluiteri","Hoek, 1901",134708,2,1,"Arthropoda","Pycnogonida","Pantopoda","Nymphonidae","Nymphon",NA,NA,"Nymphon sluiteri",NA,NA,"Lancaster Sound"
"117",479723,479723,415775,"Genus","Obelia","Péron & Lesueur, 1810",117034,2,1,"Cnidaria","Hydrozoa","Leptothecata","Campanulariidae","Obelia",NA,NA,NA,NA,NA,"Lancaster Sound"
"118",479781,479781,769136,"Species","Obtusoecia obtusata","(Sars, 1866)",127828,10,2,"Arthropoda","Ostracoda","Halocyprida","Halocyprididae","Obtusoecia",NA,NA,"Obtusoecia obtusata",NA,NA,"Lancaster Sound"
"119",479819,479819,479818,"Species","Oceanodroma castro","(Harcourt, 1851)",137191,1,1,"Chordata","Aves","Procellariiformes","Hydrobatidae","Oceanodroma",NA,NA,"Oceanodroma castro",NA,NA,"Lancaster Sound"
"120",480197,480197,769773,"Species","Odobenus rosmarus","(Linnaeus, 1758)",137077,16,4,"Chordata","Mammalia","Carnivora","Odobenidae","Odobenus",TRUE,"DD","Odobenus rosmarus",NA,NA,"Lancaster Sound"
"121",480689,480689,699175,"Species","Oithona similis","Claus, 1866",106656,261,7,"Arthropoda",NA,"Cyclopoida","Oithonidae","Oithona",NA,NA,"Oithona similis",NA,NA,"Lancaster Sound"
"122",481029,481029,651134,"Genus","Oncaea","Philippi, 1843",128690,124,2,"Arthropoda",NA,"Poecilostomatoida","Oncaeidae","Oncaea",NA,NA,NA,NA,NA,"Lancaster Sound"
"123",483005,483005,769780,"Species","Orcinus orca","(Linnaeus, 1758)",137102,1,1,"Chordata","Mammalia","Cetartiodactyla","Delphinidae","Orcinus",TRUE,"DD","Orcinus orca",NA,NA,"Lancaster Sound"
"124",483269,483269,483267,"Species","Orthopyxis integra","(MacGillivray, 1842)",117393,3,1,"Cnidaria","Hydrozoa","Leptothecata","Campanulariidae","Orthopyxis",NA,NA,"Orthopyxis integra",NA,NA,"Lancaster Sound"
"125",483545,483545,1031207,"Class","Ostracoda","Latreille, 1802",1078,1,1,"Arthropoda","Ostracoda",NA,NA,NA,NA,NA,NA,NA,NA,"Lancaster Sound"
"126",484327,484327,769792,"Species","Pagophila eburnea","(Phipps, 1774)",137154,196,2,"Chordata","Aves","Charadriiformes","Laridae","Pagophila",TRUE,"NT","Pagophila eburnea",NA,NA,"Lancaster Sound"
"127",484329,484329,771684,"Species","Pagophilus groenlandicus","(Erxleben, 1777)",159019,55,2,"Chordata","Mammalia","Carnivora","Phocidae","Pagophilus",TRUE,"LC","Pagophilus groenlandicus",NA,NA,"Lancaster Sound"
"128",485919,485919,653947,"Species","Paraeuchaeta glacialis","(Hansen, 1887)",104560,33,5,"Arthropoda",NA,"Calanoida","Euchaetidae","Paraeuchaeta",NA,NA,"Paraeuchaeta glacialis",NA,NA,"Lancaster Sound"
"129",485924,485924,653947,"Species","Paraeuchaeta norvegica","(Boeck, 1872)",104566,18,3,"Arthropoda",NA,"Calanoida","Euchaetidae","Paraeuchaeta",NA,NA,"Paraeuchaeta norvegica",NA,NA,"Lancaster Sound"
"130",489265,489265,489263,"Species","Pentamera calcigera","Stimpson, 1851",124655,2,1,"Echinodermata","Holothuroidea","Dendrochirotida","Phyllophoridae","Pentamera",NA,NA,"Pentamera calcigera",NA,NA,"Lancaster Sound"
"131",490595,490595,755479,"Genus","Phaenna","Claus, 1863",104202,2,2,"Arthropoda",NA,"Calanoida","Phaennidae","Phaenna",NA,NA,NA,NA,NA,"Lancaster Sound"
"132",490723,490723,755506,"Species","Phalaropus fulicarius","(Linnaeus, 1758)",137168,13,2,"Chordata","Aves","Charadriiformes","Phalaropodidae","Phalaropus",TRUE,"LC","Phalaropus fulicarius",NA,NA,"Lancaster Sound"
"133",490724,490724,755506,"Species","Phalaropus lobatus","(Linnaeus, 1758)",137169,4,1,"Chordata","Aves","Charadriiformes","Phalaropodidae","Phalaropus",TRUE,"LC","Phalaropus lobatus",NA,NA,"Lancaster Sound"
"134",491411,491411,491409,"Species","Phoca vitulina","Linnaeus, 1758",137084,2,2,"Chordata","Mammalia","Carnivora","Phocidae","Phoca",TRUE,"LC","Phoca vitulina",NA,NA,"Lancaster Sound"
"135",491504,491504,657409,"Species","Pholoe baltica","Örsted, 1843",130599,2,1,"Annelida","Polychaeta","Phyllodocida","Pholoidae","Pholoe",NA,NA,"Pholoe baltica",NA,NA,"Lancaster Sound"
"136",491512,491512,657409,"Species","Pholoe minuta","(Fabricius, 1780)",130603,3,1,"Annelida","Polychaeta","Phyllodocida","Pholoidae","Pholoe",NA,NA,"Pholoe minuta",NA,NA,"Lancaster Sound"
"137",495377,495377,756406,"Genus","Polycirrus","Grube, 1850",129710,2,1,"Annelida","Polychaeta","Terebellida","Terebellidae","Polycirrus",NA,NA,NA,NA,NA,"Lancaster Sound"
"138",496273,496273,496271,"Species","Pontaster tenuispinus","(Düben & Koren, 1846)",123851,2,1,"Echinodermata","Asteroidea","Notomyotida","Benthopectinidae","Pontaster",NA,NA,"Pontaster tenuispinus",NA,NA,"Lancaster Sound"
"139",499469,499469,423702,"Genus","Pseudocalanus","Boeck, 1872",104165,996,7,"Arthropoda",NA,"Calanoida","Clausocalanidae","Pseudocalanus",NA,NA,NA,NA,NA,"Lancaster Sound"
"140",499470,499470,499469,"Species","Pseudocalanus acuspes","(Giesbrecht, 1881)",104514,36,2,"Arthropoda",NA,"Calanoida","Clausocalanidae","Pseudocalanus",NA,NA,"Pseudocalanus acuspes",NA,NA,"Lancaster Sound"
"141",499471,499471,499469,"Species","Pseudocalanus elongatus","(Boeck, 1865)",104515,36,1,"Arthropoda",NA,"Calanoida","Clausocalanidae","Pseudocalanus",NA,NA,"Pseudocalanus elongatus",NA,NA,"Lancaster Sound"
"142",499474,499474,499469,"Species","Pseudocalanus mimus","Frost, 1989",355067,2,1,"Arthropoda",NA,"Calanoida","Clausocalanidae","Pseudocalanus",NA,NA,"Pseudocalanus mimus",NA,NA,"Lancaster Sound"
"143",499478,499478,499469,"Species","Pseudocalanus newmani","Frost, 1989",157679,17,1,"Arthropoda",NA,"Calanoida","Clausocalanidae","Pseudocalanus",NA,NA,"Pseudocalanus newmani",NA,NA,"Lancaster Sound"
"144",499818,499818,499817,"Species","Pseudoflustra solida","(Stimpson, 1854)",111088,3,1,"Bryozoa","Gymnolaemata","Cheilostomatida","Smittinidae","Pseudoflustra",NA,NA,"Pseudoflustra solida",NA,NA,"Lancaster Sound"
"145",500754,500754,1042423,"Species","Psolus phantapus","(Strussenfelt, 1765)",124710,2,1,"Echinodermata","Holothuroidea","Dendrochirotida","Psolidae","Psolus",NA,NA,"Psolus phantapus",NA,NA,"Lancaster Sound"
"146",500840,500840,500857,"Genus","Pteraster","Müller & Troschel, 1842",123335,1,1,"Echinodermata","Asteroidea","Velatida","Pterasteridae","Pteraster",NA,NA,NA,NA,NA,"Lancaster Sound"
"147",501596,501596,501593,"Species","Pungitius pungitius","(Linnaeus, 1758)",126507,2,1,"Chordata","Actinopteri","Gasterosteiformes","Gasterosteidae","Pungitius",TRUE,"LC","Pungitius pungitius",NA,NA,"Lancaster Sound"
"148",501739,501739,501738,"Species","Pusa hispida","Schreber, 1775",159021,418,4,"Chordata","Mammalia","Carnivora","Phocidae","Pusa",TRUE,"LC","Pusa hispida",NA,NA,"Lancaster Sound"
"149",501867,501867,501865,"Species","Pygospio elegans","Claparède, 1863",131170,1,1,"Annelida","Polychaeta","Spionida","Spionidae","Pygospio",NA,NA,"Pygospio elegans",NA,NA,"Lancaster Sound"
"150",503017,503017,503015,"Species","Reinhardtius hippoglossoides","(Walbaum, 1792)",127144,3,2,"Chordata","Actinopteri","Pleuronectiformes","Pleuronectidae","Reinhardtius",NA,NA,"Reinhardtius hippoglossoides",NA,NA,"Lancaster Sound"
"151",504524,504524,769794,"Species","Rissa tridactyla","(Linnaeus, 1758)",137156,1206,3,"Chordata","Aves","Charadriiformes","Laridae","Rissa",TRUE,"LC","Rissa tridactyla",NA,NA,"Lancaster Sound"
"152",505490,505490,505536,"Genus","Sagitta","Quoy & Gaimard, 1827",105410,17,3,"Chaetognatha","Sagittoidea","Aphragmophora","Sagittidae","Sagitta",NA,NA,NA,NA,NA,"Lancaster Sound"
"153",505786,505786,505785,"Subspecies","Salvelinus malma malma","(Walbaum, 1792)",293728,1,1,"Chordata","Actinopteri","Salmoniformes","Salmonidae","Salvelinus",NA,NA,"Salvelinus malma",NA,NA,"Lancaster Sound"
"154",507640,507640,758737,"Species","Sclerocrangon ferox","(Sars G.O., 1877)",107569,2,1,"Arthropoda","Malacostraca","Decapoda","Crangonidae","Sclerocrangon",NA,NA,"Sclerocrangon ferox",NA,NA,"Lancaster Sound"
"155",507757,507757,759755,"Genus","Scolelepis","Blainville, 1828",129623,6,1,"Annelida","Polychaeta","Spionida","Spionidae","Scolelepis",NA,NA,NA,NA,NA,"Lancaster Sound"
"156",508615,508615,758928,"Genus","Sebastes","Cuvier, 1829",126175,6,2,"Chordata","Actinopteri","Scorpaeniformes","Sebastidae","Sebastes",NA,NA,NA,NA,NA,"Lancaster Sound"
"157",510729,510729,764111,"Order","Siphonophorae","Eschscholtz, 1829",1371,6,4,"Cnidaria","Hydrozoa","Siphonophorae",NA,NA,NA,NA,NA,NA,NA,"Lancaster Sound"
"158",511414,511414,759571,"Species","Somateria mollissima","(Linnaeus, 1758)",137074,9,2,"Chordata","Aves","Anseriformes","Anatidae","Somateria",TRUE,"LC","Somateria mollissima",NA,NA,"Lancaster Sound"
"159",512211,512211,759755,"Genus","Spio","Fabricius, 1785",129625,12,1,"Annelida","Polychaeta","Spionida","Spionidae","Spio",NA,NA,NA,NA,NA,"Lancaster Sound"
"160",512406,512406,669813,"Species","Spirontocaris phippsii","(Krøyer, 1841)",107532,3,1,"Arthropoda","Malacostraca","Decapoda","Thoridae","Spirontocaris",NA,NA,"Spirontocaris phippsii",NA,NA,"Lancaster Sound"
"161",512411,512411,669813,"Species","Spirontocaris spinus","(Sowerby, 1805 [in Sowerby, 1804-1806])",107533,1,1,"Arthropoda","Malacostraca","Decapoda","Thoridae","Spirontocaris",NA,NA,"Spirontocaris spinus",NA,NA,"Lancaster Sound"
"162",513782,513782,760130,"Species","Stercorarius parasiticus","(Linnaeus, 1758)",137172,18,2,"Chordata","Aves","Charadriiformes","Stercorariidae","Stercorarius",TRUE,"LC","Stercorarius parasiticus",NA,NA,"Lancaster Sound"
"163",513783,513783,760130,"Species","Stercorarius pomarinus","(Temminck, 1815)",137173,17,2,"Chordata","Aves","Charadriiformes","Stercorariidae","Stercorarius",TRUE,"LC","Stercorarius pomarinus",NA,NA,"Lancaster Sound"
"164",513852,513852,670746,"Species","Sterna hirundo","Linnaeus, 1758",137162,1,1,"Chordata","Aves","Charadriiformes","Sternidae","Sterna",TRUE,"LC","Sterna hirundo",NA,NA,"Lancaster Sound"
"165",514742,514742,671279,"Species","Strongylocentrotus pallidus","(Sars G.O., 1872)",124324,1,1,"Echinodermata","Echinoidea","Camarodonta","Strongylocentrotidae","Strongylocentrotus",NA,NA,"Strongylocentrotus pallidus",NA,NA,"Lancaster Sound"
"166",516228,516228,672145,"Species","Synidotea bicuspida","(Owen, 1839)",156445,1,1,"Arthropoda","Malacostraca","Isopoda","Idoteidae","Synidotea",NA,NA,"Synidotea bicuspida",NA,NA,"Lancaster Sound"
"167",517638,517638,673107,"Species","Terebellides stroemii","Sars, 1835",131573,2,1,"Annelida","Polychaeta","Terebellida","Trichobranchidae","Terebellides",NA,NA,"Terebellides stroemii",NA,NA,"Lancaster Sound"
"168",519002,519002,531490,"Species","Themisto abyssorum","(Boeck, 1871)",103259,23,6,"Arthropoda","Malacostraca","Amphipoda","Hyperiidae","Themisto",NA,NA,"Themisto abyssorum",NA,NA,"Lancaster Sound"
"169",519007,519007,531490,"Species","Themisto libellula","(Lichtenstein in Mandt, 1822)",156452,83,8,"Arthropoda","Malacostraca","Amphipoda","Hyperiidae","Themisto",NA,NA,"Themisto libellula",NA,NA,"Lancaster Sound"
"170",519704,519704,519696,"Species","Thysanoessa longicaudata","(Krøyer, 1846)",110709,2,2,"Arthropoda","Malacostraca","Euphausiacea","Euphausiidae","Thysanoessa",NA,NA,"Thysanoessa longicaudata",NA,NA,"Lancaster Sound"
"171",520036,520036,674439,"Species","Tisbe ensifer","Fischer, 1860",116663,2,2,"Arthropoda",NA,"Harpacticoida","Tisbidae","Tisbe",NA,NA,"Tisbe ensifer",NA,NA,"Lancaster Sound"
"172",520037,520037,674439,"Species","Tisbe furcata","(Baird, 1837)",116665,19,1,"Arthropoda",NA,"Harpacticoida","Tisbidae","Tisbe",NA,NA,"Tisbe furcata",NA,NA,"Lancaster Sound"
"173",521417,521417,675324,"Species","Triglops nybelini","Jensen, 1944",127206,14,2,"Chordata","Actinopteri","Scorpaeniformes","Cottidae","Triglops",NA,NA,"Triglops nybelini",NA,NA,"Lancaster Sound"
"174",521421,521421,675324,"Species","Triglops pingelii","Reinhardt, 1837",127207,25,4,"Chordata","Actinopteri","Scorpaeniformes","Cottidae","Triglops",NA,NA,"Triglops pingelii",NA,NA,"Lancaster Sound"
"175",523283,523283,766892,"Family","Typhloscolecidae","Uljanin, 1878",959,2,2,"Annelida","Polychaeta","Phyllodocida","Typhloscolecidae",NA,NA,NA,NA,NA,NA,"Lancaster Sound"
"176",523642,523642,769179,"Genus","Umbellula","Gray, 1870",128499,1,1,"Cnidaria","Anthozoa","Pennatulacea","Umbellulidae","Umbellula",NA,NA,NA,NA,NA,"Lancaster Sound"
"177",523957,523957,737619,"Genus","Uria","Brisson, 1760",137041,77,2,"Chordata","Aves","Charadriiformes","Alcidae","Uria",NA,NA,NA,NA,NA,"Lancaster Sound"
"178",523959,523959,523957,"Species","Uria lomvia","(Linnaeus, 1758)",137134,2400,4,"Chordata","Aves","Charadriiformes","Alcidae","Uria",TRUE,"LC","Uria lomvia",NA,NA,"Lancaster Sound"
"179",524196,524196,769777,"Species","Ursus maritimus","Phipps, 1774",137085,94,3,"Chordata","Mammalia","Carnivora","Ursidae","Ursus",TRUE,"VU","Ursus maritimus",NA,NA,"Lancaster Sound"
"180",524578,524578,767152,"Genus","Velella","Lamarck, 1801",117200,11,1,"Cnidaria","Hydrozoa","Anthoathecata","Porpitidae","Velella",NA,NA,NA,NA,NA,"Lancaster Sound"
"181",525768,525768,755479,"Genus","Xanthocalanus","Giesbrecht, 1893",104204,12,2,"Arthropoda",NA,"Calanoida","Phaennidae","Xanthocalanus",NA,NA,NA,NA,NA,"Lancaster Sound"
"182",527658,527658,440743,"Subspecies","Eualus gaimardii belcheri","(Bell, 1855)",158358,1,1,"Arthropoda","Malacostraca","Decapoda","Thoridae","Eualus",NA,NA,"Eualus gaimardii",NA,NA,"Lancaster Sound"
"183",528338,528338,474736,"Species","Mysis litoralis","(Banner, 1948)",120111,2,1,"Arthropoda","Malacostraca","Mysida","Mysidae","Mysis",NA,NA,"Mysis litoralis",NA,NA,"Lancaster Sound"
"184",531490,531490,748566,"Genus","Themisto","Guérin, 1825",101800,218,3,"Arthropoda","Malacostraca","Amphipoda","Hyperiidae","Themisto",NA,NA,NA,NA,NA,"Lancaster Sound"
"185",534238,534238,738804,"Species","Arcturus baffini","(Sabine, 1824)",146502,1,1,"Arthropoda","Malacostraca","Isopoda","Arcturidae","Arcturus",NA,NA,"Arcturus baffini",NA,NA,"Lancaster Sound"
"186",535778,535778,769518,"Species","Boreonymphon abyssorum","(Norman, 1873)",134676,1,1,"Arthropoda","Pycnogonida","Pantopoda","Nymphonidae","Boreonymphon",NA,NA,"Boreonymphon abyssorum",NA,NA,"Lancaster Sound"
"187",536113,536113,764760,"Species","Bylgides promamme","(Malmgren, 1867)",130734,2,2,"Annelida","Polychaeta","Phyllodocida","Polynoidae","Bylgides",NA,NA,"Bylgides promamme",NA,NA,"Lancaster Sound"
"188",539659,539659,432720,"Species","Dendrodoa aggregata","Müller, 1776",103880,1,1,"Chordata","Ascidiacea","Stolidobranchia","Styelidae","Dendrodoa",NA,NA,"Dendrodoa aggregata",NA,NA,"Lancaster Sound"
"189",544457,544457,527988,"Species","Icasterias panopla","(Stuxberg, 1879)",123796,2,1,"Echinodermata","Asteroidea","Forcipulatida","Asteriidae","Icasterias",NA,NA,"Icasterias panopla",NA,NA,"Lancaster Sound"
"190",545128,545128,768467,"Species","Lafoeina maxima","Levinsen, 1893",117411,3,1,"Cnidaria","Hydrozoa","Leptothecata","Campanulinidae","Lafoeina",NA,NA,"Lafoeina maxima",NA,NA,"Lancaster Sound"
"191",545575,545575,771597,"Species","Leptodiaptomus sicilis","(Forbes S.A., 1882)",359000,2,1,"Arthropoda",NA,"Calanoida","Diaptomidae","Leptodiaptomus",NA,NA,"Leptodiaptomus sicilis",NA,NA,"Lancaster Sound"
"192",561868,561868,778008,"Genus","Appendicularia","Fol, 1874",103357,23,1,"Chordata","Appendicularia","Copelata","Fritillariidae","Appendicularia",NA,NA,NA,NA,NA,"Lancaster Sound"
"193",586756,586756,770766,"Genus","Nitzschia","Hassall, 1845",149045,1,1,"Ochrophyta","Bacillariophyceae","Bacillariales","Bacillariaceae","Nitzschia",NA,NA,NA,TRUE,NA,"Lancaster Sound"
"194",587148,587148,755609,"Species","Philomedes globosus","(Lilljeborg, 1853) Sars, 1869",127719,1,1,"Arthropoda","Ostracoda","Myodocopida","Philomedidae","Philomedes",NA,NA,"Philomedes globosus",NA,NA,"Lancaster Sound"
"195",587443,587443,408894,"Species","Axionice flexuosa","(Grube, 1860)",131483,6,1,"Annelida","Polychaeta","Terebellida","Terebellidae","Axionice",NA,NA,"Axionice flexuosa",NA,NA,"Lancaster Sound"
"196",587492,587492,764760,"Species","Bylgides groenlandicus","(Malmgren, 1867)",130733,2,2,"Annelida","Polychaeta","Phyllodocida","Polynoidae","Bylgides",NA,NA,"Bylgides groenlandicus",NA,NA,"Lancaster Sound"
"197",587741,587741,434855,"Species","Diplocirrus longisetosus","(Marenzeller, 1890)",130102,8,1,"Annelida","Polychaeta","Terebellida","Flabelligeridae","Diplocirrus",NA,NA,"Diplocirrus longisetosus",NA,NA,"Lancaster Sound"
"198",596523,596523,396068,"Species","Acanthonotozoma inflatum","(Krøyer, 1842)",101873,1,1,"Arthropoda","Malacostraca","Amphipoda","Acanthonotozomatidae","Acanthonotozoma",NA,NA,"Acanthonotozoma inflatum",NA,NA,"Lancaster Sound"
"199",596657,596657,396497,"Species","Aceroides latipes","(Sars, 1883)",102866,1,1,"Arthropoda","Malacostraca","Amphipoda","Oedicerotidae","Aceroides",NA,NA,"Aceroides latipes",NA,NA,"Lancaster Sound"
"200",597481,597481,748172,"Order","Actiniaria",NA,1360,2,1,"Cnidaria","Anthozoa","Actiniaria",NA,NA,NA,NA,NA,NA,NA,"Lancaster Sound"
"201",597930,597930,398468,"Species","Aeginopsis laurentii","Brandt, 1838",117265,43,6,"Cnidaria","Hydrozoa","Narcomedusae","Aeginidae","Aeginopsis",NA,NA,"Aeginopsis laurentii",NA,NA,"Lancaster Sound"
"202",598219,598219,398853,"Species","Aglantha digitale","(O. F. Müller, 1776)",117849,112,7,"Cnidaria","Hydrozoa","Trachymedusae","Rhopalonematidae","Aglantha",NA,NA,"Aglantha digitale",NA,NA,"Lancaster Sound"
"203",598708,598708,399577,"Species","Allantactis parasitica","Danielssen, 1890",100933,2,1,"Cnidaria","Anthozoa","Actiniaria","Hormathiidae","Allantactis",NA,NA,"Allantactis parasitica",NA,NA,"Lancaster Sound"
"204",599367,599367,400500,"Species","Amblyraja hyperborea","(Collett, 1879)",105863,2,2,"Chordata","Elasmobranchii","Rajiformes","Rajidae","Amblyraja",TRUE,"LC","Amblyraja hyperborea",NA,NA,"Lancaster Sound"
"205",599696,599696,737969,"Genus","Ampharete","Malmgren, 1866",129155,1,1,"Annelida","Polychaeta","Terebellida","Ampharetidae","Ampharete",NA,NA,NA,NA,NA,"Lancaster Sound"
"206",601809,601809,404260,"Species","Apherusa glacialis","(Hansen, 1888)",102166,22,4,"Arthropoda","Malacostraca","Amphipoda","Calliopiidae","Apherusa",NA,NA,"Apherusa glacialis",NA,NA,"Lancaster Sound"
"207",601812,601812,404260,"Species","Apherusa megalops","(Buchholz, 1874)",102170,2,2,"Arthropoda","Malacostraca","Amphipoda","Calliopiidae","Apherusa",NA,NA,"Apherusa megalops",NA,NA,"Lancaster Sound"
"208",604839,604839,767671,"Genus","Balanus","Costa, 1778",106122,42,1,"Arthropoda",NA,"Sessilia","Balanidae","Balanus",NA,NA,NA,NA,NA,"Lancaster Sound"
"209",606283,606283,767713,"Genus","Beroe","Browne, 1756",106331,7,2,"Ctenophora","Nuda","Beroida","Beroidae","Beroe",NA,NA,NA,NA,NA,"Lancaster Sound"
"210",606796,606796,768967,"Species","Boreogadus saida","(Lepechin, 1774)",126433,152,9,"Chordata","Actinopteri","Gadiformes","Gadidae","Boreogadus",NA,NA,"Boreogadus saida",NA,NA,"Lancaster Sound"
"211",606832,606832,769126,"Species","Boroecia maxima","(Brady & Norman, 1896)",127767,26,3,"Arthropoda","Ostracoda","Halocyprida","Halocyprididae","Boroecia",NA,NA,"Boroecia maxima",NA,NA,"Lancaster Sound"
"212",607096,607096,746291,"Genus","Brada","Stimpson, 1854",129289,1,1,"Annelida","Polychaeta","Terebellida","Flabelligeridae","Brada",NA,NA,NA,NA,NA,"Lancaster Sound"
"213",607102,607102,607096,"Species","Brada villosa","(Rathke, 1843)",130099,5,2,"Annelida","Polychaeta","Terebellida","Flabelligeridae","Brada",NA,NA,"Brada villosa",NA,NA,"Lancaster Sound"
"214",608182,608182,414462,"Species","Calanus glacialis","Jaschnov, 1955",104465,1484,8,"Arthropoda",NA,"Calanoida","Calanidae","Calanus",NA,NA,"Calanus glacialis",NA,NA,"Lancaster Sound"
"215",608189,608189,414462,"Species","Calanus hyperboreus","Krøyer, 1838",104467,1429,8,"Arthropoda",NA,"Calanoida","Calanidae","Calanus",NA,NA,"Calanus hyperboreus",NA,NA,"Lancaster Sound"
"216",611913,611913,420006,"Species","Chaetozone setosa","Malmgren, 1867",129955,3,1,"Annelida","Polychaeta","Terebellida","Cirratulidae","Chaetozone",NA,NA,"Chaetozone setosa",NA,NA,"Lancaster Sound"
"217",613840,613840,1011617,"Infraorder","Cladocera","Latreille, 1829",1076,2,2,"Arthropoda","Branchiopoda","Diplostraca",NA,NA,NA,NA,NA,NA,NA,"Lancaster Sound"
"218",615444,615444,1011836,"Genus","Conchoecia","Dana, 1849",127533,32,2,"Arthropoda","Ostracoda","Halocyprida","Halocyprididae","Conchoecia",NA,NA,NA,NA,NA,"Lancaster Sound"
"219",616102,616102,1030751,"Subclass","Copepoda","Milne Edwards, 1840",1080,448,7,"Arthropoda",NA,NA,NA,NA,NA,NA,NA,NA,NA,"Lancaster Sound"
"220",616379,616379,742909,"Species","Coregonus clupeaformis","(Mitchill, 1818)",158726,1,1,"Chordata","Actinopteri","Salmoniformes","Salmonidae","Coregonus",NA,NA,"Coregonus clupeaformis",NA,NA,"Lancaster Sound"
"221",617767,617767,617760,"Species","Crossaster papposus","(Linnaeus, 1767)",124154,2,1,"Echinodermata","Asteroidea","Valvatida","Solasteridae","Crossaster",NA,NA,"Crossaster papposus",NA,NA,"Lancaster Sound"
"222",617847,617847,774282,"Species","Cryonema tenue","Tchesunov, 1995",231160,8,1,"Nematoda","Chromadorea","Monhysterida","Monhysteridae","Cryonema",NA,NA,"Cryonema tenue",NA,NA,"Lancaster Sound"
"223",617950,617950,771517,"Family","Cryptoniscidae","Kossmann, 1880",146881,40,2,"Arthropoda","Malacostraca","Isopoda","Cryptoniscidae",NA,NA,NA,NA,NA,NA,"Lancaster Sound"
"224",618105,618105,738303,"Phylum","Ctenophora","Eschscholtz, 1829",1248,15,3,"Ctenophora",NA,NA,NA,NA,NA,NA,NA,NA,NA,"Lancaster Sound"
"225",618183,618183,429589,"Species","Cucumaria frondosa","(Gunnerus, 1767)",124612,4,1,"Echinodermata","Holothuroidea","Dendrochirotida","Cucumariidae","Cucumaria",NA,NA,"Cucumaria frondosa",NA,NA,"Lancaster Sound"
"226",622755,622755,770728,"Class","Echinoidea","Leske, 1778",123082,4,1,"Echinodermata","Echinoidea",NA,NA,NA,NA,NA,NA,NA,NA,"Lancaster Sound"
"227",622919,622919,744984,"Genus","Ectinosoma","Boeck, 1865",115333,4,1,"Arthropoda",NA,"Harpacticoida","Ectinosomatidae","Ectinosoma",NA,NA,NA,NA,NA,"Lancaster Sound"
"228",624069,624069,777271,"Infraorder","Epicaridea","Latreille, 1831",13795,11,2,"Arthropoda","Malacostraca","Isopoda",NA,NA,NA,NA,NA,NA,NA,"Lancaster Sound"
"229",625137,625137,745619,"Genus","Euchaeta","Philippi, 1843",104174,90,3,"Arthropoda",NA,"Calanoida","Euchaetidae","Euchaeta",NA,NA,NA,NA,NA,"Lancaster Sound"
"230",626317,626317,442725,"Species","Euterpina acutifrons","(Dana, 1847)",116162,6,1,"Arthropoda",NA,"Harpacticoida","Tachidiidae","Euterpina",NA,NA,"Euterpina acutifrons",NA,NA,"Lancaster Sound"
"231",627911,627911,445092,"Species","Gadus morhua","Linnaeus, 1758",126436,2,2,"Chordata","Actinopteri","Gadiformes","Gadidae","Gadus",TRUE,"VU","Gadus morhua",NA,NA,"Lancaster Sound"
"232",627955,627955,445155,"Species","Gaidropsarus ensis","(Reinhardt, 1837)",126453,1,1,"Chordata","Actinopteri","Gadiformes","Lotidae","Gaidropsarus",NA,NA,"Gaidropsarus ensis",NA,NA,"Lancaster Sound"
"233",628170,628170,738061,"Suborder","Gammaridea","Latreille, 1802",1207,12,4,"Arthropoda","Malacostraca","Amphipoda",NA,NA,NA,NA,NA,NA,NA,"Lancaster Sound"
"234",628262,628262,445509,"Species","Gammarus oceanicus","Segerstråle, 1947",102285,1,1,"Arthropoda","Malacostraca","Amphipoda","Gammaridae","Gammarus",NA,NA,"Gammarus oceanicus",NA,NA,"Lancaster Sound"
"235",630815,630815,777671,"Genus","Gyptis","Marion & Bobretzky in Marion, 1874",129307,14,1,"Annelida","Polychaeta","Phyllodocida","Hesionidae","Gyptis",NA,NA,NA,NA,NA,"Lancaster Sound"
"236",634772,634772,634766,"Species","Hyperia galba","(Montagu, 1815)",103251,5,3,"Arthropoda","Malacostraca","Amphipoda","Hyperiidae","Hyperia",NA,NA,"Hyperia galba",NA,NA,"Lancaster Sound"
"237",634801,634801,456041,"Species","Hyperoche medusarum","(Kröyer, 1838)",103256,1,1,"Arthropoda","Malacostraca","Amphipoda","Hyperiidae","Hyperoche",NA,NA,"Hyperoche medusarum",NA,NA,"Lancaster Sound"
"238",635142,635142,743064,"Genus","Icelus","Krøyer, 1845",126150,4,2,"Chordata","Actinopteri","Scorpaeniformes","Cottidae","Icelus",NA,NA,NA,NA,NA,"Lancaster Sound"
"239",635143,635143,635142,"Species","Icelus bicornis","(Reinhardt, 1840)",127199,47,5,"Chordata","Actinopteri","Scorpaeniformes","Cottidae","Icelus",NA,NA,"Icelus bicornis",NA,NA,"Lancaster Sound"
"240",635727,635727,457501,"Species","Ischyrocerus anguipes","Krøyer, 1838",102412,1,1,"Arthropoda","Malacostraca","Amphipoda","Ischyroceridae","Ischyrocerus",NA,NA,"Ischyrocerus anguipes",NA,NA,"Lancaster Sound"
"241",636022,636022,767556,"Species","Jaschnovia tolli","(Linko, 1913)",247787,1,1,"Arthropoda",NA,"Calanoida","Aetideidae","Jaschnovia",NA,NA,"Jaschnovia tolli",NA,NA,"Lancaster Sound"
"242",637361,637361,460223,"Species","Larus fuscus","Linnaeus, 1758",137142,1,1,"Chordata","Aves","Charadriiformes","Laridae","Larus",TRUE,"LC","Larus fuscus",NA,NA,"Lancaster Sound"
"243",637363,637363,460223,"Species","Larus hyperboreus","Gunnerus, 1767",137145,321,3,"Chordata","Aves","Charadriiformes","Laridae","Larus",TRUE,"LC","Larus hyperboreus",NA,NA,"Lancaster Sound"
"244",638280,638280,461696,"Species","Leptagonus decagonus","(Bloch & Schneider, 1801)",127191,2,2,"Chordata","Actinopteri","Scorpaeniformes","Agonidae","Leptagonus",NA,NA,"Leptagonus decagonus",NA,NA,"Lancaster Sound"
"245",639276,639276,767088,"Genus","Limacina","Bosc, 1817",138122,11,3,"Mollusca","Gastropoda","Thecosomata","Limacinidae","Limacina",NA,NA,NA,NA,NA,"Lancaster Sound"
"246",639640,639640,750039,"Genus","Liparis","Scopoli, 1777",126160,43,3,"Chordata","Actinopteri","Scorpaeniformes","Liparidae","Liparis",NA,NA,NA,NA,NA,"Lancaster Sound"
"247",639661,639661,639640,"Species","Liparis tunicatus","Reinhardt, 1836",154825,78,6,"Chordata","Actinopteri","Scorpaeniformes","Liparidae","Liparis",NA,NA,"Liparis tunicatus",NA,NA,"Lancaster Sound"
"248",641012,641012,775730,"Genus","Lycodes","Reinhardt, 1831",126104,2,1,"Chordata","Actinopteri","Perciformes","Zoarcidae","Lycodes",NA,NA,NA,NA,NA,"Lancaster Sound"
"249",641034,641034,641012,"Species","Lycodes pallidus","Collett, 1879",127110,4,2,"Chordata","Actinopteri","Perciformes","Zoarcidae","Lycodes",NA,NA,"Lycodes pallidus",NA,NA,"Lancaster Sound"
"250",641035,641035,641012,"Species","Lycodes polaris","(Sabine, 1824)",127111,14,2,"Chordata","Actinopteri","Perciformes","Zoarcidae","Lycodes",NA,NA,"Lycodes polaris",NA,NA,"Lancaster Sound"
"251",642347,642347,844082,"Species","Margariscus margarita","(Cope, 1867)",567534,1,1,"Chordata","Actinopteri","Cypriniformes","Cyprinidae","Margariscus",TRUE,"LC","Margariscus margarita",NA,NA,"Lancaster Sound"
"252",644603,644603,744984,"Genus","Microsetella","Brady & Robertson D., 1873",115341,1,1,"Arthropoda",NA,"Harpacticoida","Ectinosomatidae","Microsetella",NA,NA,NA,NA,NA,"Lancaster Sound"
"253",646985,646985,474736,"Species","Mysis oculata","(Fabricius, 1780)",120115,1,1,"Arthropoda","Malacostraca","Mysida","Mysidae","Mysis",NA,NA,"Mysis oculata",NA,NA,"Lancaster Sound"
"254",646989,646989,474736,"Species","Mysis segerstralei","Audzijonyte & Vainola, 2005",389361,2,1,"Arthropoda","Malacostraca","Mysida","Mysidae","Mysis",NA,NA,"Mysis segerstralei",NA,NA,"Lancaster Sound"
"255",648690,648690,767467,"Species","Neopleustes pulchellus","(Krøyer, 1846)",102999,1,1,"Arthropoda","Malacostraca","Amphipoda","Pleustidae","Neopleustes",NA,NA,"Neopleustes pulchellus",NA,NA,"Lancaster Sound"
"256",648910,648910,477748,"Species","Nereimyra aphroditoides","(O. Fabricius, 1780)",130179,14,1,"Annelida","Polychaeta","Phyllodocida","Hesionidae","Nereimyra",NA,NA,"Nereimyra aphroditoides",NA,NA,"Lancaster Sound"
"257",648975,648975,477763,"Species","Nereis zonata","Malmgren, 1867",130407,4,1,"Annelida","Polychaeta","Phyllodocida","Nereididae","Nereis",NA,NA,"Nereis zonata",NA,NA,"Lancaster Sound"
"258",650601,650601,699147,"Genus","Oediceros","Krøyer, 1842",101699,1,1,"Arthropoda","Malacostraca","Amphipoda","Oedicerotidae","Oediceros",NA,NA,NA,NA,NA,"Lancaster Sound"
"259",651238,651238,781281,"Genus","Onisimus","Boeck, 1871",101631,22,2,"Arthropoda","Malacostraca","Amphipoda","Uristidae","Onisimus",NA,NA,NA,NA,NA,"Lancaster Sound"
"260",651239,651239,651238,"Species","Onisimus glacialis","(G.O. Sars, 1900)",102644,30,5,"Arthropoda","Malacostraca","Amphipoda","Uristidae","Onisimus",NA,NA,"Onisimus glacialis",NA,NA,"Lancaster Sound"
"261",651248,651248,651238,"Species","Onisimus nanseni","(G.O. Sars, 1900)",102647,1,1,"Arthropoda","Malacostraca","Amphipoda","Uristidae","Onisimus",NA,NA,"Onisimus nanseni",NA,NA,"Lancaster Sound"
"262",651599,651599,651594,"Species","Ophiocten sericeum","(Forbes, 1852)",124860,7,1,"Echinodermata","Ophiuroidea","Ophiurida","Ophiuridae","Ophiocten",NA,NA,"Ophiocten sericeum",NA,NA,"Lancaster Sound"
"263",651794,651794,766218,"Class","Ophiuroidea","Gray, 1840",123084,2,1,"Echinodermata","Ophiuroidea",NA,NA,NA,NA,NA,NA,NA,NA,"Lancaster Sound"
"264",652128,652128,482991,"Species","Orchomenella minuta","(Krøyer, 1846)",102690,1,1,"Arthropoda","Malacostraca","Amphipoda","Lysianassidae","Orchomenella",NA,NA,"Orchomenella minuta",NA,NA,"Lancaster Sound"
"265",653947,653947,745619,"Genus","Paraeuchaeta","Scott A., 1909",196874,2,1,"Arthropoda",NA,"Calanoida","Euchaetidae","Paraeuchaeta",NA,NA,NA,NA,NA,"Lancaster Sound"
"266",654645,654645,754843,"Species","Parasagitta elegans","(Verrill, 1873)",105440,131,7,"Chaetognatha","Sagittoidea","Aphragmophora","Sagittidae","Parasagitta",NA,NA,"Parasagitta elegans",NA,NA,"Lancaster Sound"
"267",655766,655766,655763,"Species","Pelagobia longicirrata","Greeff, 1879",130219,2,2,"Annelida","Polychaeta","Phyllodocida","Lopadorrhynchidae","Pelagobia",NA,NA,"Pelagobia longicirrata",NA,NA,"Lancaster Sound"
"268",659054,659054,767715,"Genus","Pleurobrachia","Fleming, 1822",106346,2,1,"Ctenophora","Tentaculata","Cydippida","Pleurobrachiidae","Pleurobrachia",NA,NA,NA,NA,NA,"Lancaster Sound"
"269",662933,662933,500679,"Species","Psilaster andromeda","(Müller & Troschel, 1842)",123908,2,1,"Echinodermata","Asteroidea","Paxillosida","Astropectinidae","Psilaster",NA,NA,"Psilaster andromeda",NA,NA,"Lancaster Sound"
"270",662996,662996,1042423,"Species","Psolus fabricii","(Düben & Koren, 1846)",124703,2,1,"Echinodermata","Holothuroidea","Dendrochirotida","Psolidae","Psolus",NA,NA,"Psolus fabricii",NA,NA,"Lancaster Sound"
"271",665746,665746,505228,"Species","Sabinea septemcarinata","(Sabine, 1824)",107567,1,1,"Arthropoda","Malacostraca","Decapoda","Crangonidae","Sabinea",NA,NA,"Sabinea septemcarinata",NA,NA,"Lancaster Sound"
"272",666107,666107,758441,"Species","Salvelinus namaycush","(Walbaum, 1792)",567548,2,1,"Chordata","Actinopteri","Salmoniformes","Salmonidae","Salvelinus",NA,NA,"Salvelinus namaycush",NA,TRUE,"Lancaster Sound"
"273",666476,666476,427304,"Genus","Sarsia","Lesson, 1843",117070,6,2,"Cnidaria","Hydrozoa","Anthoathecata","Corynidae","Sarsia",NA,NA,NA,NA,NA,"Lancaster Sound"
"274",669110,669110,700564,"Species","Solaster endeca","(Linnaeus, 1771)",124160,1,1,"Echinodermata","Asteroidea","Valvatida","Solasteridae","Solaster",NA,NA,"Solaster endeca",NA,NA,"Lancaster Sound"
"275",669262,669262,759571,"Species","Somateria spectabilis","(Linnaeus, 1758)",137075,3,1,"Chordata","Aves","Anseriformes","Anatidae","Somateria",TRUE,"LC","Somateria spectabilis",NA,NA,"Lancaster Sound"
"276",669673,669673,512167,"Genus","Spinocalanus","Giesbrecht, 1888",104236,23,3,"Arthropoda",NA,"Calanoida","Spinocalanidae","Spinocalanus",NA,NA,NA,NA,NA,"Lancaster Sound"
"277",669727,669727,512211,"Species","Spio filicornis","(Müller, 1776)",131183,1,1,"Annelida","Polychaeta","Spionida","Spionidae","Spio",NA,NA,"Spio filicornis",NA,NA,"Lancaster Sound"
"278",670338,670338,767477,"Species","Stegocephalus inflatus","Krøyer, 1842",103105,2,1,"Arthropoda","Malacostraca","Amphipoda","Stegocephalidae","Stegocephalus",NA,NA,"Stegocephalus inflatus",NA,NA,"Lancaster Sound"
"279",670700,670700,760130,"Species","Stercorarius longicaudus","Vieillot, 1819",137171,14,2,"Chordata","Aves","Charadriiformes","Stercorariidae","Stercorarius",TRUE,"LC","Stercorarius longicaudus",NA,NA,"Lancaster Sound"
"280",670746,670746,760151,"Genus","Sterna","Linnaeus, 1758",137047,2,1,"Chordata","Aves","Charadriiformes","Sternidae","Sterna",NA,NA,NA,NA,NA,"Lancaster Sound"
"281",670762,670762,670746,"Species","Sterna paradisaea","Pontoppidan, 1763",137165,14,3,"Chordata","Aves","Charadriiformes","Sternidae","Sterna",TRUE,"LC","Sterna paradisaea",NA,NA,"Lancaster Sound"
"282",671279,671279,768757,"Genus","Strongylocentrotus","Brandt, 1835",123390,2,1,"Echinodermata","Echinoidea","Camarodonta","Strongylocentrotidae","Strongylocentrotus",NA,NA,NA,NA,NA,"Lancaster Sound"
"283",673107,673107,771481,"Genus","Terebellides","Sars, 1835",129717,2,1,"Annelida","Polychaeta","Terebellida","Trichobranchidae","Terebellides",NA,NA,NA,NA,NA,"Lancaster Sound"
"284",673928,673928,673920,"Species","Theristus melnikovi","Tchesunov, 1986",231158,11,1,"Nematoda","Chromadorea","Monhysterida","Xyalidae","Theristus",NA,NA,"Theristus melnikovi",NA,NA,"Lancaster Sound"
"285",674209,674209,771393,"Species","Thymallus arcticus","(Pallas, 1776)",254571,1,1,"Chordata","Actinopteri","Salmoniformes","Salmonidae","Thymallus",TRUE,"LC","Thymallus arcticus",NA,NA,"Lancaster Sound"
"286",674277,674277,519696,"Species","Thysanoessa raschii","(M. Sars, 1864)",110711,1,1,"Arthropoda","Malacostraca","Euphausiacea","Euphausiidae","Thysanoessa",NA,NA,"Thysanoessa raschii",NA,NA,"Lancaster Sound"
"287",674439,674439,780910,"Genus","Tisbe","Lilljeborg, 1853",115484,11,3,"Arthropoda",NA,"Harpacticoida","Tisbidae","Tisbe",NA,NA,NA,NA,NA,"Lancaster Sound"
"288",676168,676168,741923,"Subphylum","Tunicata","Lamarck, 1816",146420,9,1,"Chordata",NA,NA,NA,NA,NA,NA,NA,NA,NA,"Lancaster Sound"
"289",676781,676781,523720,"Species","Unciola leucopis","(Krøyer, 1845)",102059,1,1,"Arthropoda","Malacostraca","Amphipoda","Unciolidae","Unciola",NA,NA,"Unciola leucopis",NA,NA,"Lancaster Sound"
"290",676953,676953,523957,"Species","Uria aalge","(Pontoppidan, 1763)",137133,9,2,"Chordata","Aves","Charadriiformes","Alcidae","Uria",TRUE,"LC","Uria aalge",NA,NA,"Lancaster Sound"
"291",678971,678971,403212,"Species","Anonyx sarsi","Steele & Brunel, 1968",102516,2,1,"Arthropoda","Malacostraca","Amphipoda","Uristidae","Anonyx",NA,NA,"Anonyx sarsi",NA,NA,"Lancaster Sound"
"292",679256,679256,451474,"Species","Haploops laevis","Hoek, 1882",101950,1,1,"Arthropoda","Malacostraca","Amphipoda","Ampeliscidae","Haploops",NA,NA,"Haploops laevis",NA,NA,"Lancaster Sound"
"293",679290,679290,454257,"Species","Hippomedon propinquus","Sars, 1890",102579,1,1,"Arthropoda","Malacostraca","Amphipoda","Lysianassidae","Hippomedon",NA,NA,"Hippomedon propinquus",NA,NA,"Lancaster Sound"
"294",679319,679319,457501,"Species","Ischyrocerus commensalis","Chevreux, 1900",102415,1,1,"Arthropoda","Malacostraca","Amphipoda","Ischyroceridae","Ischyrocerus",NA,NA,"Ischyrocerus commensalis",NA,NA,"Lancaster Sound"
"295",679349,679349,461232,"Species","Lepidepecreum umbo","(Goës, 1866)",102603,1,1,"Arthropoda","Malacostraca","Amphipoda","Lysianassidae","Lepidepecreum",NA,NA,"Lepidepecreum umbo",NA,NA,"Lancaster Sound"
"296",679530,679530,767407,"Species","Paramphithoe hystrix","(Ross, 1835)",102152,1,1,"Arthropoda","Malacostraca","Amphipoda","Epimeriidae","Paramphithoe",NA,NA,"Paramphithoe hystrix",NA,NA,"Lancaster Sound"
"297",679694,679694,516481,"Species","Syrrhoe crenulata","Goës, 1866",103188,1,1,"Arthropoda","Malacostraca","Amphipoda","Synopiidae","Syrrhoe",NA,NA,"Syrrhoe crenulata",NA,NA,"Lancaster Sound"
"298",679983,679983,398461,"Genus","Aegina","Eschscholtz, 1829",116994,3,1,"Cnidaria","Hydrozoa","Narcomedusae","Aeginidae","Aegina",NA,NA,NA,NA,NA,"Lancaster Sound"
"299",686009,686009,651794,"Order","Ophiurida","Müller & Troschel, 1840",123117,8,1,"Echinodermata","Ophiuroidea","Ophiurida",NA,NA,NA,NA,NA,NA,NA,"Lancaster Sound"
"300",686291,686291,754843,"Species","Parasagitta setosa","(J. Müller, 1847)",105443,4,1,"Chaetognatha","Sagittoidea","Aphragmophora","Sagittidae","Parasagitta",NA,NA,"Parasagitta setosa",NA,NA,"Lancaster Sound"
"301",688971,688971,526490,"Species","Zaus abbreviatus","Sars G.O., 1904",116185,1,1,"Arthropoda",NA,"Harpacticoida","Harpacticidae","Zaus",NA,NA,"Zaus abbreviatus",NA,NA,"Lancaster Sound"
"302",695263,695263,737118,"Genus","Acartia","Dana, 1846",104108,3,2,"Arthropoda",NA,"Calanoida","Acartiidae","Acartia",NA,NA,NA,NA,NA,"Lancaster Sound"
"303",695341,695341,398635,"Species","Aetideopsis rostrata","Sars G.O., 1903",104272,2,2,"Arthropoda",NA,"Calanoida","Aetideidae","Aetideopsis",NA,NA,"Aetideopsis rostrata",NA,NA,"Lancaster Sound"
"304",695970,695970,1029817,"Genus","Benthoctopus","Grimpe, 1921",138266,1,1,"Mollusca","Cephalopoda","Octopoda","Enteroctopodidae","Benthoctopus",NA,NA,NA,NA,NA,"Lancaster Sound"
"305",696016,696016,771368,"Genus","Boreomysis","G.O. Sars, 1869",119842,1,1,"Arthropoda","Malacostraca","Mysida","Mysidae","Boreomysis",NA,NA,NA,NA,NA,"Lancaster Sound"
"306",696268,696268,767747,"Infraorder","Caridea","Dana, 1852",106674,3,1,"Arthropoda","Malacostraca","Decapoda",NA,NA,NA,NA,NA,NA,NA,"Lancaster Sound"
"307",696387,696387,778804,"Infraorder","Cetacea","Brisson, 1762",2688,6,1,"Chordata","Mammalia","Cetartiodactyla",NA,NA,NA,NA,NA,NA,NA,"Lancaster Sound"
"308",696529,696529,753065,"Family","Chrysopetalidae","Ehlers, 1864",944,1,1,"Annelida","Polychaeta","Phyllodocida","Chrysopetalidae",NA,NA,NA,NA,NA,NA,"Lancaster Sound"
"309",696573,696573,423702,"Genus","Clausocalanus","Giesbrecht, 1888",104161,2,1,"Arthropoda",NA,"Calanoida","Clausocalanidae","Clausocalanus",NA,NA,NA,NA,NA,"Lancaster Sound"
"310",697424,697424,767047,"Genus","Eukrohnia","Ritter-Záhony, 1909",105399,22,2,"Chaetognatha","Sagittoidea","Phragmophora","Eukrohniidae","Eukrohnia",NA,NA,NA,NA,NA,"Lancaster Sound"
"311",697450,697450,616618,"Genus","Euphysa","Forbes, 1848",117095,2,2,"Cnidaria","Hydrozoa","Anthoathecata","Corymorphidae","Euphysa",NA,NA,NA,NA,NA,"Lancaster Sound"
"312",697526,697526,444464,"Species","Fratercula arctica","(Linnaeus, 1758)",137131,5,1,"Chordata","Aves","Charadriiformes","Alcidae","Fratercula",TRUE,"LC","Fratercula arctica",NA,NA,"Lancaster Sound"
"313",697530,697530,778009,"Genus","Fritillaria","Fol, 1872",103358,51,5,"Chordata","Appendicularia","Copelata","Fritillariidae","Fritillaria",NA,NA,NA,NA,NA,"Lancaster Sound"
"314",697593,697593,752044,"Class","Gastropoda","Cuvier, 1795",101,14,3,"Mollusca","Gastropoda",NA,NA,NA,NA,NA,NA,NA,NA,"Lancaster Sound"
"315",698181,698181,459523,"Species","Lafoea dumosa","(Fleming, 1820)",117702,3,1,"Cnidaria","Hydrozoa","Leptothecata","Lafoeidae","Lafoea",NA,NA,"Lafoea dumosa",NA,NA,"Lancaster Sound"
"316",698274,698274,754418,"Genus","Leuckartiara","Hartlaub, 1914",117183,2,1,"Cnidaria","Hydrozoa","Anthoathecata","Pandeidae","Leuckartiara",NA,NA,NA,NA,NA,"Lancaster Sound"
"317",698481,698481,794395,"Family","Lysianassidae","Dana, 1849",101395,22,2,"Arthropoda","Malacostraca","Amphipoda","Lysianassidae",NA,NA,NA,NA,NA,NA,"Lancaster Sound"
"318",699161,699161,778075,"Genus","Oikopleura","Mertens, 1830",103367,66,6,"Chordata","Appendicularia","Copelata","Oikopleuridae","Oikopleura",NA,NA,NA,NA,NA,"Lancaster Sound"
"319",699175,699175,753671,"Genus","Oithona","Baird, 1843",106485,132,2,"Arthropoda",NA,"Cyclopoida","Oithonidae","Oithona",NA,NA,NA,NA,NA,"Lancaster Sound"
"320",699177,699177,699175,"Species","Oithona atlantica","Farran, 1908",106642,15,1,"Arthropoda",NA,"Cyclopoida","Oithonidae","Oithona",NA,NA,"Oithona atlantica",NA,NA,"Lancaster Sound"
"321",699240,699240,481029,"Species","Oncaea parila","Heron, 1977",128946,1,1,"Arthropoda",NA,"Poecilostomatoida","Oncaeidae","Oncaea",NA,NA,"Oncaea parila",NA,NA,"Lancaster Sound"
"322",699382,699382,699388,"Genus","Ophiura","Lamarck, 1801",123574,3,1,"Echinodermata","Ophiuroidea","Ophiurida","Ophiuridae","Ophiura",NA,NA,NA,NA,NA,"Lancaster Sound"
"323",699387,699387,768739,"Family","Ophiuridae","Müller & Troschel, 1840",123200,4,1,"Echinodermata","Ophiuroidea","Ophiurida","Ophiuridae",NA,NA,NA,NA,NA,NA,"Lancaster Sound"
"324",700064,700064,499469,"Species","Pseudocalanus minutus","(Krøyer, 1845)",104517,282,6,"Arthropoda",NA,"Calanoida","Clausocalanidae","Pseudocalanus",NA,NA,"Pseudocalanus minutus",NA,NA,"Lancaster Sound"
"325",700099,700099,767597,"Species","Pseudosagitta maxima","(Conant, 1896)",105445,4,1,"Chaetognatha","Sagittoidea","Aphragmophora","Sagittidae","Pseudosagitta",NA,NA,"Pseudosagitta maxima",NA,NA,"Lancaster Sound"
"326",700158,700158,741733,"Class","Pycnogonida","Latreille, 1810",1302,2,1,"Arthropoda","Pycnogonida",NA,NA,NA,NA,NA,NA,NA,NA,"Lancaster Sound"
"327",700385,700385,758763,"Species","Scolecithricella minor","(Brady, 1883)",104811,63,4,"Arthropoda",NA,"Calanoida","Scolecitrichidae","Scolecithricella",NA,NA,"Scolecithricella minor",NA,NA,"Lancaster Sound"
"328",700564,700564,511134,"Genus","Solaster","Forbes, 1839",123338,1,1,"Echinodermata","Asteroidea","Valvatida","Solasteridae","Solaster",NA,NA,NA,NA,NA,"Lancaster Sound"
"329",700723,700723,768777,"Species","Stephanasterias albula","(Stimpson, 1853)",123808,1,1,"Echinodermata","Asteroidea","Forcipulatida","Asteriidae","Stephanasterias",NA,NA,"Stephanasterias albula",NA,NA,"Lancaster Sound"
"330",701093,701093,761657,"Genus","Tomopteris","Eschscholtz, 1825",129715,2,2,"Annelida","Polychaeta","Phyllodocida","Tomopteridae","Tomopteris",NA,NA,NA,NA,NA,"Lancaster Sound"
"331",701163,701163,675208,"Species","Triconia conifera","(Giesbrecht, 1891)",128957,2,2,"Arthropoda",NA,"Poecilostomatoida","Oncaeidae","Triconia",NA,NA,"Triconia conifera",NA,NA,"Lancaster Sound"
"332",737387,737387,755917,"Class","Actinopterygii",NA,10194,7,2,"Chordata","Actinopterygii",NA,NA,NA,NA,NA,NA,NA,NA,"Lancaster Sound"
"333",737455,737455,398462,"Species","Aeginina longicornis","(Krøyer, 1843)",101820,6,1,"Arthropoda","Malacostraca","Amphipoda","Caprellidae","Aeginina",NA,NA,"Aeginina longicornis",NA,NA,"Lancaster Sound"
"334",737981,737981,1014220,"Genus","Amphiascus","Sars G.O., 1905",115305,2,1,"Arthropoda",NA,"Harpacticoida","Miraciidae","Amphiascus",NA,NA,NA,NA,NA,"Lancaster Sound"
"335",738061,738061,489355,"Order","Amphipoda","Latreille, 1816",1135,84,3,"Arthropoda","Malacostraca","Amphipoda",NA,NA,NA,NA,NA,NA,NA,"Lancaster Sound"
"336",738224,738224,738372,"Family","Anatidae",NA,136973,1,1,"Chordata","Aves","Anseriformes","Anatidae",NA,NA,NA,NA,NA,NA,"Lancaster Sound"
"337",738303,738303,739909,"Kingdom","Animalia",NA,2,146,3,NA,NA,NA,NA,NA,NA,NA,NA,NA,NA,"Lancaster Sound"
"338",738372,738372,739377,"Order","Anseriformes",NA,2681,1,1,"Chordata","Aves","Anseriformes",NA,NA,NA,NA,NA,NA,NA,"Lancaster Sound"
"339",738414,738414,764111,"Order","Anthoathecata","Cornelius, 1992",13551,7,2,"Cnidaria","Hydrozoa","Anthoathecata",NA,NA,NA,NA,NA,NA,NA,"Lancaster Sound"
"340",738436,738436,790071,"Class","Anthozoa","Ehrenberg, 1834",1292,3,1,"Cnidaria","Anthozoa",NA,NA,NA,NA,NA,NA,NA,NA,"Lancaster Sound"
"341",738887,738887,767427,"Species","Aristias tumidus","(Krøyer, 1846)",102524,1,1,"Arthropoda","Malacostraca","Amphipoda","Aristiidae","Aristias",NA,NA,"Aristias tumidus",NA,NA,"Lancaster Sound"
"342",739927,739927,752044,"Class","Bivalvia","Linnaeus, 1758",105,15,3,"Mollusca","Bivalvia",NA,NA,NA,NA,NA,NA,NA,NA,"Lancaster Sound"
"343",740094,740094,412653,"Species","Bougainvillia superciliaris","(L. Agassiz, 1849)",117333,1,1,"Cnidaria","Hydrozoa","Anthoathecata","Bougainvilliidae","Bougainvillia",NA,NA,"Bougainvillia superciliaris",NA,NA,"Lancaster Sound"
"344",740483,740483,771529,"Order","Calanoida","Sars G. O., 1903",1100,67,4,"Arthropoda",NA,"Calanoida",NA,NA,NA,NA,NA,NA,NA,"Lancaster Sound"
"345",740848,740848,758761,"Family","Capitellidae","Grube, 1862",921,1,1,"Annelida","Polychaeta",NA,"Capitellidae",NA,NA,NA,NA,NA,NA,"Lancaster Sound"
"346",741567,741567,738303,"Phylum","Chaetognatha",NA,2081,172,4,"Chaetognatha",NA,NA,NA,NA,NA,NA,NA,NA,NA,"Lancaster Sound"
"347",741797,741797,421217,"Species","Chiridius obtusifrons","Sars G.O., 1902",104292,21,3,"Arthropoda",NA,"Calanoida","Aetideidae","Chiridius",NA,NA,"Chiridius obtusifrons",NA,NA,"Lancaster Sound"
"348",741919,741919,421830,"Species","Chone mollis","(Bush in Moore, 1904)",254730,1,1,"Annelida","Polychaeta","Sabellida","Sabellidae","Chone",NA,NA,"Chone mollis",NA,NA,"Lancaster Sound"
"349",742093,742093,422877,"Species","Cirratulus cirratus","(O. F. Müller, 1776)",129959,1,1,"Annelida","Polychaeta","Terebellida","Cirratulidae","Cirratulus",NA,NA,"Cirratulus cirratus",NA,NA,"Lancaster Sound"
"350",742115,742115,767162,"Infraclass","Cirripedia","Burmeister, 1834",1082,93,6,"Arthropoda",NA,NA,NA,NA,NA,NA,NA,NA,NA,"Lancaster Sound"
"351",743546,743546,430240,"Species","Cyclopina schneideri","Scott T., 1904",106535,4,1,"Arthropoda",NA,"Cyclopoida","Cyclopinidae","Cyclopina",NA,NA,"Cyclopina schneideri",NA,NA,"Lancaster Sound"
"352",744929,744929,738303,"Phylum","Echinodermata","Bruguière, 1791 [ex Klein, 1734]",1806,46,5,"Echinodermata",NA,NA,NA,NA,NA,NA,NA,NA,NA,"Lancaster Sound"
"353",744980,744980,622919,"Species","Ectinosoma neglectum","Sars G.O., 1904",351269,18,1,"Arthropoda",NA,"Harpacticoida","Ectinosomatidae","Ectinosoma",NA,NA,"Ectinosoma neglectum",NA,NA,"Lancaster Sound"
"354",745619,745619,740483,"Family","Euchaetidae","Giesbrecht, 1893",104086,6,1,"Arthropoda",NA,"Calanoida","Euchaetidae",NA,NA,NA,NA,NA,NA,"Lancaster Sound"
"355",746529,746529,445111,"Species","Gaetanus tenuispinus","(Sars G.O., 1900)",237965,45,4,"Arthropoda",NA,"Calanoida","Aetideidae","Gaetanus",NA,NA,"Gaetanus tenuispinus",NA,NA,"Lancaster Sound"
"356",746540,746529,445147,"Species","Gaidius tenuispinus","(Sars G.O., 1900)",104321,1,1,"Arthropoda",NA,"Calanoida","Aetideidae","Gaidius",NA,NA,"Gaidius tenuispinus",NA,NA,"Lancaster Sound"
"357",747290,747290,1014261,"Genus","Gymnelus","Reinhardt, 1834",126102,2,2,"Chordata","Actinopteri","Perciformes","Zoarcidae","Gymnelus",NA,NA,NA,NA,NA,"Lancaster Sound"
"358",747493,747493,860808,"Species","Halectinosoma finmarchicum","(Scott T., 1903)",247785,2,1,"Arthropoda",NA,"Harpacticoida","Ectinosomatidae","Halectinosoma",NA,NA,"Halectinosoma finmarchicum",NA,NA,"Lancaster Sound"
"359",748147,748147,748130,"Genus","Heterostylites","Sars G.O., 1920",104179,2,2,"Arthropoda",NA,"Calanoida","Heterorhabdidae","Heterostylites",NA,NA,NA,NA,NA,"Lancaster Sound"
"360",748184,748184,771423,"Family","Hexagrammidae","Jordan, 1888",154415,1,1,"Chordata","Actinopteri","Scorpaeniformes","Hexagrammidae",NA,NA,NA,NA,NA,NA,"Lancaster Sound"
"361",748374,748374,770728,"Class","Holothuroidea",NA,123083,4,2,"Echinodermata","Holothuroidea",NA,NA,NA,NA,NA,NA,NA,NA,"Lancaster Sound"
"362",748560,748560,634766,"Species","Hyperia medusarum","(Müller, 1776)",103253,3,3,"Arthropoda","Malacostraca","Amphipoda","Hyperiidae","Hyperia",NA,NA,"Hyperia medusarum",NA,NA,"Lancaster Sound"
"363",748567,748567,738061,"Suborder","Hyperiidea","Milne Edwards, 1830",1205,30,2,"Arthropoda","Malacostraca","Amphipoda",NA,NA,NA,NA,NA,NA,NA,"Lancaster Sound"
"364",748743,748743,766899,"Class","Insecta",NA,1307,5,1,"Arthropoda","Insecta",NA,NA,NA,NA,NA,NA,NA,NA,"Lancaster Sound"
"365",749351,749351,741656,"Family","Laridae",NA,136988,20,1,"Chordata","Aves","Charadriiformes","Laridae",NA,NA,NA,NA,NA,NA,"Lancaster Sound"
"366",750170,750170,679378,"Genus","Littorina","Férussac, 1822",138135,1,1,"Mollusca","Gastropoda","Littorinimorpha","Littorinidae","Littorina",NA,NA,NA,NA,NA,"Lancaster Sound"
"367",750256,750256,489355,"Order","Lophogastrida","Boas, 1883",149669,27,1,"Arthropoda","Malacostraca","Lophogastrida",NA,NA,NA,NA,NA,NA,NA,"Lancaster Sound"
"368",751727,751727,470922,"Species","Microcalanus pusillus","Sars G.O., 1903",157675,26,3,"Arthropoda",NA,"Calanoida","Clausocalanidae","Microcalanus",NA,NA,"Microcalanus pusillus",NA,NA,"Lancaster Sound"
"369",751728,751728,470922,"Species","Microcalanus pygmaeus","(Sars G.O., 1900)",104513,55,4,"Arthropoda",NA,"Calanoida","Clausocalanidae","Microcalanus",NA,NA,"Microcalanus pygmaeus",NA,NA,"Lancaster Sound"
"370",752081,752081,741947,"Order","Monhysterida","Filipjev, 1929",2139,13,1,"Nematoda","Chromadorea","Monhysterida",NA,NA,NA,NA,NA,NA,NA,"Lancaster Sound"
"371",752443,752443,774697,"Genus","Myrianida","Milne Edwards, 1845",129659,1,1,"Annelida","Polychaeta","Phyllodocida","Syllidae","Myrianida",NA,NA,NA,NA,NA,"Lancaster Sound"
"372",752490,752490,474736,"Species","Mysis relicta","Lovén, 1862",120120,1,1,"Arthropoda","Malacostraca","Mysida","Mysidae","Mysis",NA,NA,"Mysis relicta",NA,NA,"Lancaster Sound"
"373",752839,752839,738303,"Phylum","Nematoda",NA,799,5,1,"Nematoda",NA,NA,NA,NA,NA,NA,NA,NA,NA,"Lancaster Sound"
"374",753677,753677,742316,"Subclass","Oligochaeta",NA,2036,1,1,"Annelida","Clitellata",NA,NA,NA,NA,NA,NA,NA,NA,"Lancaster Sound"
"375",754592,754592,653947,"Species","Paraeuchaeta gracilis","(Sars G.O., 1905)",104561,2,1,"Arthropoda",NA,"Calanoida","Euchaetidae","Paraeuchaeta",NA,NA,"Paraeuchaeta gracilis",NA,NA,"Lancaster Sound"
"376",754826,754826,487183,"Species","Parapleustes bicuspis","(Krøyer, 1838)",103008,1,1,"Arthropoda","Malacostraca","Amphipoda","Pleustidae","Parapleustes",NA,NA,"Parapleustes bicuspis",NA,NA,"Lancaster Sound"
"377",754843,754843,505536,"Genus","Parasagitta","Tokioka, 1965",105408,11,2,"Chaetognatha","Sagittoidea","Aphragmophora","Sagittidae","Parasagitta",NA,NA,NA,NA,NA,"Lancaster Sound"
"378",754982,754982,655038,"Species","Paroediceros lynceus","(Sars, 1858)",102911,1,1,"Arthropoda","Malacostraca","Amphipoda","Oedicerotidae","Paroediceros",NA,NA,"Paroediceros lynceus",NA,NA,"Lancaster Sound"
"379",755505,755505,741656,"Family","Phalaropodidae",NA,136989,3,1,"Chordata","Aves","Charadriiformes","Phalaropodidae",NA,NA,NA,NA,NA,NA,"Lancaster Sound"
"380",755506,755506,755505,"Genus","Phalaropus",NA,137049,3,1,"Chordata","Aves","Charadriiformes","Phalaropodidae","Phalaropus",NA,NA,NA,NA,NA,"Lancaster Sound"
"381",755577,755577,491125,"Species","Pherusa plumosa","(Müller, 1776)",130113,1,1,"Annelida","Polychaeta","Terebellida","Flabelligeridae","Pherusa",NA,NA,"Pherusa plumosa",NA,NA,"Lancaster Sound"
"382",755633,755633,755867,"Family","Phocidae","Gray, 1821",136976,170,2,"Chordata","Mammalia","Carnivora","Phocidae",NA,NA,NA,NA,NA,NA,"Lancaster Sound"
"383",755739,755739,766890,"Family","Phyllodocidae","Örsted, 1843",931,14,1,"Annelida","Polychaeta","Phyllodocida","Phyllodocidae",NA,NA,NA,NA,NA,NA,"Lancaster Sound"
"384",755867,755867,740818,"Infraorder","Pinnipedia",NA,148736,57,1,"Chordata","Mammalia","Carnivora",NA,NA,NA,NA,NA,NA,NA,"Lancaster Sound"
"385",755917,755917,766931,"Superclass","Pisces",NA,11676,1,1,"Chordata",NA,NA,NA,NA,NA,NA,NA,NA,NA,"Lancaster Sound"
"386",756096,756096,779015,"Species","Plectrophenax nivalis","(Linnaeus, 1758)",383228,2,1,"Chordata","Aves","Passeriformes","Emberizidae","Plectrophenax",TRUE,"LC","Plectrophenax nivalis",NA,NA,"Lancaster Sound"
"387",756395,756395,738325,"Class","Polychaeta","Grube, 1850",883,111,6,"Annelida","Polychaeta",NA,NA,NA,NA,NA,NA,NA,NA,"Lancaster Sound"
"388",758218,758218,504811,"Species","Rocinela angustata","Richardson, 1904",256455,1,1,"Arthropoda","Malacostraca","Isopoda","Aegidae","Rocinela",NA,NA,"Rocinela angustata",NA,NA,"Lancaster Sound"
"389",758608,758608,507748,"Genus","Scaphocalanus","Sars G.O., 1900",104228,2,2,"Arthropoda",NA,"Calanoida","Scolecitrichidae","Scaphocalanus",NA,NA,NA,NA,NA,"Lancaster Sound"
"390",758792,758792,741656,"Family","Scolopacidae",NA,147429,2,1,"Chordata","Aves","Charadriiformes","Scolopacidae",NA,NA,NA,NA,NA,NA,"Lancaster Sound"
"391",759571,759571,738224,"Genus","Somateria",NA,137003,10,2,"Chordata","Aves","Anseriformes","Anatidae","Somateria",NA,NA,NA,NA,NA,"Lancaster Sound"
"392",759572,759572,759571,"Species","Somateria fischeri","(Brandt, 1847)",422886,1,1,"Chordata","Aves","Anseriformes","Anatidae","Somateria",TRUE,"LC","Somateria fischeri",NA,NA,"Lancaster Sound"
"393",759647,759647,766892,"Family","Sphaerodoridae","Malmgren, 1867",957,1,1,"Annelida","Polychaeta","Phyllodocida","Sphaerodoridae",NA,NA,NA,NA,NA,NA,"Lancaster Sound"
"394",759755,759755,766888,"Family","Spionidae","Grube, 1850",913,14,4,"Annelida","Polychaeta","Spionida","Spionidae",NA,NA,NA,NA,NA,NA,"Lancaster Sound"
"395",760130,760130,760129,"Genus","Stercorarius",NA,137051,16,2,"Chordata","Aves","Charadriiformes","Stercorariidae","Stercorarius",NA,NA,NA,NA,NA,"Lancaster Sound"
"396",760133,760133,760130,"Species","Stercorarius skua","(Brunnich, 1764)",137174,2,1,"Chordata","Aves","Charadriiformes","Stercorariidae","Stercorarius",NA,NA,"Stercorarius skua",NA,NA,"Lancaster Sound"
"397",760537,760537,753065,"Family","Syllidae","Grube, 1850",948,3,2,"Annelida","Polychaeta","Phyllodocida","Syllidae",NA,NA,NA,NA,NA,NA,"Lancaster Sound"
"398",760936,760936,673017,"Species","Temora longicornis","(Müller O.F., 1785)",104878,1,1,"Arthropoda",NA,"Calanoida","Temoridae","Temora",NA,NA,"Temora longicornis",NA,NA,"Lancaster Sound"
"399",760967,760967,760968,"Family","Terebellidae","Johnston, 1846",982,1,1,"Annelida","Polychaeta","Terebellida","Terebellidae",NA,NA,NA,NA,NA,NA,"Lancaster Sound"
"400",761884,761884,675208,"Species","Triconia borealis","(Sars G.O., 1918)",128956,82,5,"Arthropoda",NA,"Poecilostomatoida","Oncaeidae","Triconia",NA,NA,"Triconia borealis",NA,NA,"Lancaster Sound"
"401",761889,761889,675208,"Species","Triconia minuta","(Giesbrecht, 1893 [""1892""])",128960,4,1,"Arthropoda",NA,"Poecilostomatoida","Oncaeidae","Triconia",NA,NA,"Triconia minuta",NA,NA,"Lancaster Sound"
"402",762945,762945,525633,"Species","Weyprechtia pinguis","Krøyer, 1838",102315,2,2,"Arthropoda","Malacostraca","Amphipoda","Calliopiidae","Weyprechtia",NA,NA,"Weyprechtia pinguis",NA,NA,"Lancaster Sound"
"403",763011,763011,769795,"Species","Xema sabini","(Sabine, 1819)",137167,12,2,"Chordata","Aves","Charadriiformes","Laridae","Xema",TRUE,"LC","Xema sabini",NA,NA,"Lancaster Sound"
"404",764598,764598,398635,"Species","Aetideopsis armatus","(Boeck, 1872)",356886,2,1,"Arthropoda",NA,"Calanoida","Aetideidae","Aetideopsis",NA,NA,"Aetideopsis armatus",NA,NA,"Lancaster Sound"
"405",765153,765153,770837,"Species","Acartia (Acartiura) hudsonica","Pinhey, 1926",149751,2,1,"Arthropoda",NA,"Calanoida","Acartiidae","Acartia",NA,NA,"Acartia (Acartiura) hudsonica",NA,NA,"Lancaster Sound"
"406",765192,765192,768883,"Species","Leptasterias (Hexasterias) polaris","(Müller & Troschel, 1842)",125154,2,1,"Echinodermata","Asteroidea","Forcipulatida","Asteriidae","Leptasterias",NA,NA,"Leptasterias (Hexasterias) polaris",NA,NA,"Lancaster Sound"
"407",765281,765281,743799,"Subspecies","Dactylopusia vulgaris vulgaris","Sars G.O., 1905",116906,4,1,"Arthropoda",NA,"Harpacticoida","Dactylopusiidae","Dactylopusia",NA,NA,"Dactylopusia vulgaris",NA,NA,"Lancaster Sound"
"408",765688,765688,770837,"Species","Acartia (Acartiura) longiremis","(Lilljeborg, 1853)",346037,42,3,"Arthropoda",NA,"Calanoida","Acartiidae","Acartia",NA,NA,"Acartia (Acartiura) longiremis",NA,NA,"Lancaster Sound"
"409",782739,782739,404260,"Species","Apherusa sarsi","Shoemaker, 1930",102174,1,1,"Arthropoda","Malacostraca","Amphipoda","Calliopiidae","Apherusa",NA,NA,"Apherusa sarsi",NA,NA,"Lancaster Sound"
"410",782794,782794,602725,"Species","Aricidea nolani","Webster & Benedict, 1887",157218,1,1,"Annelida","Polychaeta",NA,"Paraonidae","Aricidea",NA,NA,"Aricidea nolani",NA,NA,"Lancaster Sound"
"411",787151,787151,775571,"Species","Paraheterorhabdus compactus","(Sars G.O., 1900)",254603,1,1,"Arthropoda",NA,"Calanoida","Heterorhabdidae","Paraheterorhabdus",NA,NA,"Paraheterorhabdus compactus",NA,NA,"Lancaster Sound"
"412",787681,787681,780242,"Family","Polynoidae","Kinberg, 1856",939,1,1,"Annelida","Polychaeta","Phyllodocida","Polynoidae",NA,NA,NA,NA,NA,NA,"Lancaster Sound"
"413",790071,790071,738303,"Phylum","Cnidaria","Verrill, 1865",1267,54,6,"Cnidaria",NA,NA,NA,NA,NA,NA,NA,NA,NA,"Lancaster Sound"
"414",794875,794875,401618,"Species","Amphitrite cirrata","Müller, 1776",131474,2,1,"Annelida","Polychaeta","Terebellida","Terebellidae","Amphitrite",NA,NA,"Amphitrite cirrata",NA,NA,"Lancaster Sound"
"415",795055,795055,767556,"Species","Jaschnovia brevis","(Farran, 1936)",104322,1,1,"Arthropoda",NA,"Calanoida","Aetideidae","Jaschnovia",NA,NA,"Jaschnovia brevis",NA,NA,"Lancaster Sound"
"416",797236,797236,778076,"Species","Oikopleura (Vexillaria) vanhoeffeni","Lohmann, 1896",103417,60,4,"Chordata","Appendicularia","Copelata","Oikopleuridae","Oikopleura",NA,NA,"Oikopleura (Vexillaria) vanhoeffeni",NA,NA,"Lancaster Sound"
"417",797374,797374,753065,"Family","Hesionidae","Grube, 1850",946,4,1,"Annelida","Polychaeta","Phyllodocida","Hesionidae",NA,NA,NA,NA,NA,NA,"Lancaster Sound"
"418",798044,798044,440898,"Order","Decapoda","Latreille, 1802",1130,2,2,"Arthropoda","Malacostraca","Decapoda",NA,NA,NA,NA,NA,NA,NA,"Lancaster Sound"
"419",827993,827993,699161,"Species","Oikopleura labradoriensis","Lohmann, 1892",103413,4,1,"Chordata","Larvacea","Copelata","Oikopleuridae","Oikopleura",NA,NA,"Oikopleura labradoriensis",NA,NA,"Lancaster Sound"
"420",839031,839031,NA,NA,"Glandulactilis spetsbergensis","Carlgren, 1893",100842,2,1,NA,NA,NA,NA,NA,NA,NA,NA,NA,NA,"Lancaster Sound"
"421",839329,839329,749954,"Subspecies","Limnocalanus macrurus macrurus","Sars G.O., 1863",487770,8,1,"Arthropoda",NA,"Calanoida","Centropagidae","Limnocalanus",NA,NA,"Limnocalanus macrurus",NA,NA,"Lancaster Sound"
"422",840681,840681,631911,"Species","Harmothoe rarispina","(M. Sars, 1861)",130779,5,2,"Annelida","Polychaeta","Phyllodocida","Polynoidae","Harmothoe",NA,NA,"Harmothoe rarispina",NA,NA,"Lancaster Sound"
"423",842030,842030,842155,"Species","Pleustomesus medius","(Goës, 1866)",103019,1,1,"Arthropoda","Malacostraca","Amphipoda","Pleustidae","Pleustomesus",NA,NA,"Pleustomesus medius",NA,NA,"Lancaster Sound"
"424",842782,842782,843656,"Species","Lagopus muta","(Montin, 1781)",NA,1,1,"Chordata","Aves","Galliformes","Phasianidae","Lagopus",TRUE,"LC","Lagopus muta",NA,NA,"Lancaster Sound"
"425",843194,843194,505774,"Subspecies","Salvelinus alpinus alpinus","(Linnaeus, 1758)",293724,123,4,"Chordata","Actinopteri","Salmoniformes","Salmonidae","Salvelinus",NA,NA,"Salvelinus alpinus",NA,NA,"Lancaster Sound"
"426",856122,856122,486145,"Species","Paralaophonte hyperborea","(Sars G.O., 1909)",116292,1,1,"Arthropoda",NA,"Harpacticoida","Laophontidae","Paralaophonte",NA,NA,"Paralaophonte hyperborea",NA,NA,"Lancaster Sound"
"427",857431,857431,536126,"Species","Bythocaris payeri","(Heller, 1875)",107497,2,1,"Arthropoda","Malacostraca","Decapoda","Bythocarididae","Bythocaris",NA,NA,"Bythocaris payeri",NA,NA,"Lancaster Sound"
"428",857485,857485,513515,"Species","Stenopleustes olrikii","(Hansen, 1888)",423771,1,1,"Arthropoda","Malacostraca","Amphipoda","Pleustidae","Stenopleustes",NA,NA,"Stenopleustes olrikii",NA,NA,"Lancaster Sound"
"429",857551,857551,481560,"Species","Ophiacantha bidentata","(Bruzelius, 1805)",124978,4,1,"Echinodermata","Ophiuroidea","Ophiurida","Ophiacanthidae","Ophiacantha",NA,NA,"Ophiacantha bidentata",NA,NA,"Lancaster Sound"
"430",858700,858700,451696,"Subspecies","Harpacticus uniremis uniremis","Krøyer in Gaimard, 1842-1845?",116863,5,3,"Arthropoda",NA,"Harpacticoida","Harpacticidae","Harpacticus",NA,NA,"Harpacticus uniremis",NA,NA,"Lancaster Sound"
"431",858741,858741,748521,"Subclass","Hydromedusae","Owen, 1843",NA,2,1,"Cnidaria","Hydrozoa",NA,NA,NA,NA,NA,NA,NA,NA,"Lancaster Sound"
"432",861122,861122,676168,"Class","Appendicularia",NA,146421,23,1,"Chordata","Appendicularia",NA,NA,NA,NA,NA,NA,NA,NA,"Lancaster Sound"
"433",1009982,1009982,676028,"Species","Tryphosella groenlandica","Schellenberg, 1935",423808,1,1,"Arthropoda","Malacostraca","Amphipoda","Lysianassidae","Tryphosella",NA,NA,"Tryphosella groenlandica",NA,NA,"Lancaster Sound"
"434",1016459,1016459,415742,"Species","Campanularia crenata","Allman, 1876",411911,1,1,"Cnidaria","Hydrozoa","Leptothecata","Campanulariidae","Campanularia",NA,NA,"Campanularia crenata",NA,NA,"Lancaster Sound"
"435",1017579,1017579,851945,"Species","Archisenia sibirica","(Sars G.O., 1898)",115830,1,1,"Arthropoda",NA,"Harpacticoida","Pseudotachidiidae","Archisenia",NA,NA,"Archisenia sibirica",NA,NA,"Lancaster Sound"
"436",1020196,1020196,839597,"Species","Rostroculodes borealis","(Boeck, 1871)",423725,1,1,"Arthropoda","Malacostraca","Amphipoda","Oedicerotidae","Rostroculodes",NA,NA,"Rostroculodes borealis",NA,NA,"Lancaster Sound"
"437",1020200,1020200,839597,"Species","Rostroculodes schneideri","(Sars G.O., 1895)",423729,1,1,"Arthropoda","Malacostraca","Amphipoda","Oedicerotidae","Rostroculodes",NA,NA,"Rostroculodes schneideri",NA,NA,"Lancaster Sound"
"438",1024145,1024145,526494,"Subspecies","Zaus spinatus spinatus","Goodsir, 1845",116864,4,1,"Arthropoda",NA,"Harpacticoida","Harpacticidae","Zaus",NA,NA,"Zaus spinatus",NA,NA,"Lancaster Sound"
"439",1034543,1034543,470733,"Subspecies","Metridia lucens lucens","Boeck, 1865",850801,1,1,"Arthropoda",NA,"Calanoida","Metridinidae","Metridia",NA,NA,"Metridia lucens",NA,NA,"Lancaster Sound"
"440",1040526,1040526,440293,"Species","Erythrops erythrophthalmus","(Goës, 1864)",852968,2,1,"Arthropoda","Malacostraca","Mysida","Mysidae","Erythrops",NA,NA,"Erythrops erythrophthalmus",NA,NA,"Lancaster Sound"
